engine_name,mode,stance,bullet,total_inaccuracy
deagle,primary,stand,1,6.2
deagle,primary,stand,2,44.33737094
deagle,primary,stand,3,64.47386633
deagle,primary,stand,4,75.10591664
deagle,primary,stand,5,80.71962904
deagle,primary,stand,6,83.68366382
deagle,primary,stand,7,85.24867135
deagle,primary,crouch,1,4.18
deagle,primary,crouch,2,27.01686532
deagle,primary,crouch,3,34.23716737
deagle,primary,crouch,4,36.5200009
deagle,primary,crouch,5,37.24176141
deagle,primary,crouch,6,37.46995949
deagle,primary,crouch,7,37.54210859
revolver,primary,stand,1,80.0
revolver,primary,stand,2,99.76597515
revolver,primary,stand,3,106.8694983
revolver,primary,stand,4,109.4223722
revolver,primary,stand,5,110.3398275
revolver,primary,stand,6,110.6695438
revolver,primary,stand,7,110.7880377
revolver,primary,stand,8,110.8306222
revolver,primary,crouch,1,73.0
revolver,primary,crouch,2,87.75482687
revolver,primary,crouch,3,91.71309808
revolver,primary,crouch,4,92.77498183
revolver,primary,crouch,5,93.05985293
revolver,primary,crouch,6,93.13627519
revolver,primary,crouch,7,93.15677695
revolver,primary,crouch,8,93.16227695
elite,primary,stand,1,9.0
elite,primary,stand,2,15.5930744
elite,primary,stand,3,19.96073476
elite,primary,stand,4,22.06842743
elite,primary,stand,5,23.78622619
elite,primary,stand,6,24.32844084
elite,primary,stand,7,25.12139075
elite,primary,stand,8,25.11722572
elite,primary,stand,9,25.58738694
elite,primary,stand,10,25.39252568
elite,primary,stand,11,25.7500279
elite,primary,stand,12,25.48861026
elite,primary,stand,13,25.80679248
elite,primary,stand,14,25.52214549
elite,primary,stand,15,25.82660434
elite,primary,stand,16,25.53384988
elite,primary,stand,17,25.83351902
elite,primary,stand,18,25.53793492
elite,primary,stand,19,25.83593237
elite,primary,stand,20,25.53936067
elite,primary,stand,21,25.83677467
elite,primary,stand,22,25.53985829
elite,primary,stand,23,25.83706865
elite,primary,stand,24,25.54003196
elite,primary,stand,25,25.83717126
elite,primary,stand,26,25.54009258
elite,primary,stand,27,25.83720707
elite,primary,stand,28,25.54011373
elite,primary,stand,29,25.83721957
elite,primary,stand,30,25.54012112
elite,primary,crouch,1,7.25
elite,primary,crouch,2,13.18434564
elite,primary,crouch,3,16.76534337
elite,primary,crouch,4,18.24414281
elite,primary,crouch,5,19.45589761
elite,primary,crouch,6,19.6748488
elite,primary,crouch,7,20.21667752
elite,primary,crouch,8,20.07939458
elite,primary,crouch,9,20.43179531
elite,primary,crouch,10,20.19378377
elite,primary,crouch,11,20.49262192
elite,primary,crouch,12,20.2261284
elite,primary,crouch,13,20.50982122
elite,primary,crouch,14,20.23527416
elite,primary,crouch,15,20.51468449
elite,primary,crouch,16,20.23786021
elite,primary,crouch,17,20.51605963
elite,primary,crouch,18,20.23859144
elite,primary,crouch,19,20.51644846
elite,primary,crouch,20,20.2387982
elite,primary,crouch,21,20.51655841
elite,primary,crouch,22,20.23885666
elite,primary,crouch,23,20.5165895
elite,primary,crouch,24,20.2388732
elite,primary,crouch,25,20.51659829
elite,primary,crouch,26,20.23887787
elite,primary,crouch,27,20.51660077
elite,primary,crouch,28,20.23887919
elite,primary,crouch,29,20.51660147
elite,primary,crouch,30,20.23887957
fiveseven,primary,stand,1,11.1
fiveseven,primary,stand,2,17.72242322
fiveseven,primary,stand,3,21.8459582
fiveseven,primary,stand,4,25.50423178
fiveseven,primary,stand,5,29.07354627
fiveseven,primary,stand,6,32.63779278
fiveseven,primary,stand,7,34.42414762
fiveseven,primary,stand,8,35.31944586
fiveseven,primary,stand,9,35.76815791
fiveseven,primary,stand,10,35.99304666
fiveseven,primary,stand,11,36.10575803
fiveseven,primary,stand,12,36.16224753
fiveseven,primary,stand,13,36.19055935
fiveseven,primary,stand,14,36.20474887
fiveseven,primary,stand,15,36.21186048
fiveseven,primary,stand,16,36.21542473
fiveseven,primary,stand,17,36.21721108
fiveseven,primary,stand,18,36.21810638
fiveseven,primary,stand,19,36.21855509
fiveseven,primary,stand,20,36.21877998
fiveseven,primary,crouch,1,8.83
fiveseven,primary,crouch,2,15.45242322
fiveseven,primary,crouch,3,19.5759582
fiveseven,primary,crouch,4,23.23423178
fiveseven,primary,crouch,5,26.80354627
fiveseven,primary,crouch,6,30.36779278
fiveseven,primary,crouch,7,32.15414762
fiveseven,primary,crouch,8,33.04944586
fiveseven,primary,crouch,9,33.49815791
fiveseven,primary,crouch,10,33.72304666
fiveseven,primary,crouch,11,33.83575803
fiveseven,primary,crouch,12,33.89224753
fiveseven,primary,crouch,13,33.92055935
fiveseven,primary,crouch,14,33.93474887
fiveseven,primary,crouch,15,33.94186048
fiveseven,primary,crouch,16,33.94542473
fiveseven,primary,crouch,17,33.94721108
fiveseven,primary,crouch,18,33.94810638
fiveseven,primary,crouch,19,33.94855509
fiveseven,primary,crouch,20,33.94877998
glock,primary,stand,1,7.6
glock,primary,stand,2,19.74706101
glock,primary,stand,3,24.90649158
glock,primary,stand,4,28.76284687
glock,primary,stand,5,32.37348982
glock,primary,stand,6,35.96112098
glock,primary,stand,7,37.22080707
glock,primary,stand,8,37.66310701
glock,primary,stand,9,37.81840699
glock,primary,stand,10,37.8729358
glock,primary,stand,11,37.89208191
glock,primary,stand,12,37.89880447
glock,primary,stand,13,37.90116489
glock,primary,stand,14,37.90199368
glock,primary,stand,15,37.90228469
glock,primary,stand,16,37.90238686
glock,primary,stand,17,37.90242274
glock,primary,stand,18,37.90243534
glock,primary,stand,19,37.90243976
glock,primary,stand,20,37.90244131
glock,primary,crouch,1,6.2
glock,primary,crouch,2,18.34706101
glock,primary,crouch,3,23.50649158
glock,primary,crouch,4,27.36284687
glock,primary,crouch,5,30.97348982
glock,primary,crouch,6,34.56112098
glock,primary,crouch,7,35.82080707
glock,primary,crouch,8,36.26310701
glock,primary,crouch,9,36.41840699
glock,primary,crouch,10,36.4729358
glock,primary,crouch,11,36.49208191
glock,primary,crouch,12,36.49880447
glock,primary,crouch,13,36.50116489
glock,primary,crouch,14,36.50199368
glock,primary,crouch,15,36.50228469
glock,primary,crouch,16,36.50238686
glock,primary,crouch,17,36.50242274
glock,primary,crouch,18,36.50243534
glock,primary,crouch,19,36.50243976
glock,primary,crouch,20,36.50244131
hkp2000,primary,stand,1,6.9
hkp2000,primary,stand,2,23.21568754
hkp2000,primary,stand,3,28.53972074
hkp2000,primary,stand,4,30.27702598
hkp2000,primary,stand,5,30.84393257
hkp2000,primary,stand,6,31.02892199
hkp2000,primary,stand,7,31.08928658
hkp2000,primary,stand,8,31.10898438
hkp2000,primary,stand,9,31.11541204
hkp2000,primary,stand,10,31.11750947
hkp2000,primary,stand,11,31.11819389
hkp2000,primary,stand,12,31.11841723
hkp2000,primary,stand,13,31.11849011
hkp2000,primary,crouch,1,5.68
hkp2000,primary,crouch,2,18.72166747
hkp2000,primary,crouch,3,22.12336928
hkp2000,primary,crouch,4,23.01064656
hkp2000,primary,crouch,5,23.24207806
hkp2000,primary,crouch,6,23.30244311
hkp2000,primary,crouch,7,23.31818833
hkp2000,primary,crouch,8,23.32229521
hkp2000,primary,crouch,9,23.32336642
hkp2000,primary,crouch,10,23.32364583
hkp2000,primary,crouch,11,23.32371871
hkp2000,primary,crouch,12,23.32373772
hkp2000,primary,crouch,13,23.32374268
usp_silencer,primary,stand,1,6.4
usp_silencer,primary,stand,2,23.36831504
usp_silencer,primary,stand,3,28.90530957
usp_silencer,primary,stand,4,30.71210702
usp_silencer,primary,stand,5,31.30168988
usp_silencer,primary,stand,6,31.49407887
usp_silencer,primary,stand,7,31.55685804
usp_silencer,primary,stand,8,31.57734375
usp_silencer,primary,stand,9,31.58402852
usp_silencer,primary,stand,10,31.58620985
usp_silencer,primary,stand,11,31.58692165
usp_silencer,primary,stand,12,31.58715392
usp_silencer,primary,crouch,1,5.18
usp_silencer,primary,crouch,2,18.74333417
usp_silencer,primary,crouch,3,22.28110405
usp_silencer,primary,crouch,4,23.20387242
usp_silencer,primary,crouch,5,23.44456118
usp_silencer,primary,crouch,6,23.50734084
usp_silencer,primary,crouch,7,23.52371587
usp_silencer,primary,crouch,8,23.52798702
usp_silencer,primary,crouch,9,23.52910108
usp_silencer,primary,crouch,10,23.52939166
usp_silencer,primary,crouch,11,23.52946746
usp_silencer,primary,crouch,12,23.52948723
p250,primary,stand,1,11.1
p250,primary,stand,2,30.39528988
p250,primary,stand,3,37.49363518
p250,primary,stand,4,40.10497227
p250,primary,stand,5,41.06563016
p250,primary,stand,6,41.41903669
p250,primary,stand,7,41.54904777
p250,primary,stand,8,41.59687621
p250,primary,stand,9,41.61447132
p250,primary,stand,10,41.62094421
p250,primary,stand,11,41.62332545
p250,primary,stand,12,41.62420146
p250,primary,stand,13,41.62452373
p250,primary,crouch,1,8.83
p250,primary,crouch,2,24.62762742
p250,primary,crouch,3,29.38577865
p250,primary,crouch,4,30.81890544
p250,primary,crouch,5,31.25055469
p250,primary,crouch,6,31.38056487
p250,primary,crouch,7,31.41972316
p250,primary,crouch,8,31.43151741
p250,primary,crouch,9,31.43506976
p250,primary,crouch,10,31.43613971
p250,primary,crouch,11,31.43646197
p250,primary,crouch,12,31.43655904
p250,primary,crouch,13,31.43658827
cz75a,primary,stand,1,13.43
cz75a,primary,stand,2,26.97243969
cz75a,primary,stand,3,32.21237321
cz75a,primary,stand,4,34.23984417
cz75a,primary,stand,5,36.22847144
cz75a,primary,stand,6,38.21160569
cz75a,primary,stand,7,40.19966654
cz75a,primary,stand,8,42.19554337
cz75a,primary,stand,9,44.19959533
cz75a,primary,stand,10,46.21135434
cz75a,primary,stand,11,48.23012352
cz75a,primary,stand,12,49.26659466
cz75a,primary,crouch,1,10.6
cz75a,primary,crouch,2,23.32060025
cz75a,primary,crouch,3,27.94384798
cz75a,primary,crouch,4,29.62414758
cz75a,primary,crouch,5,30.97370903
cz75a,primary,crouch,6,32.21218253
cz75a,primary,crouch,7,33.41409537
cz75a,primary,crouch,8,34.6055164
cz75a,primary,crouch,9,35.79572628
cz75a,primary,crouch,10,36.98799745
cz75a,primary,crouch,11,38.18339483
cz75a,primary,crouch,12,38.72052129
tec9,primary,stand,1,6.9
tec9,primary,stand,2,29.09765734
tec9,primary,stand,3,40.04734603
tec9,primary,stand,4,45.44862242
tec9,primary,stand,5,48.11297092
tec9,primary,stand,6,49.42724414
tec9,primary,stand,7,50.07555051
tec9,primary,stand,8,50.3953479
tec9,primary,stand,9,50.55309797
tec9,primary,stand,10,50.63091312
tec9,primary,stand,11,50.66929788
tec9,primary,stand,12,50.68823236
tec9,primary,stand,13,50.69757239
tec9,primary,stand,14,50.70217965
tec9,primary,stand,15,50.70445232
tec9,primary,stand,16,50.70557339
tec9,primary,stand,17,50.70612639
tec9,primary,stand,18,50.70639918
tec9,primary,crouch,1,5.68
tec9,primary,crouch,2,24.39802973
tec9,primary,crouch,3,32.18391056
tec9,primary,crouch,4,35.42249609
tec9,primary,crouch,5,36.76960587
tec9,primary,crouch,6,37.32994456
tec9,primary,crouch,7,37.56302092
tec9,primary,crouch,8,37.65997048
tec9,primary,crouch,9,37.70029725
tec9,primary,crouch,10,37.71707142
tec9,primary,crouch,11,37.72404874
tec9,primary,crouch,12,37.726951
tec9,primary,crouch,13,37.72815822
tec9,primary,crouch,14,37.72866037
tec9,primary,crouch,15,37.72886924
tec9,primary,crouch,16,37.72895612
tec9,primary,crouch,17,37.72899226
tec9,primary,crouch,18,37.72900729
mag7,primary,stand,1,47.0
mag7,primary,stand,2,47.08363526
mag7,primary,stand,3,47.08426036
mag7,primary,stand,4,47.08426503
mag7,primary,stand,5,47.08426507
mag7,primary,crouch,1,45.25
mag7,primary,crouch,2,45.26179821
mag7,primary,crouch,3,45.26181065
mag7,primary,crouch,4,45.26181066
mag7,primary,crouch,5,45.26181066
nova,primary,stand,1,47.0
nova,primary,stand,2,47.11933572
nova,primary,stand,3,47.12080085
nova,primary,stand,4,47.12081884
nova,primary,stand,5,47.12081906
nova,primary,stand,6,47.12081906
nova,primary,stand,7,47.12081906
nova,primary,stand,8,47.12081906
nova,primary,crouch,1,45.25
nova,primary,crouch,2,45.27053121
nova,primary,crouch,3,45.27057457
nova,primary,crouch,4,45.27057467
nova,primary,crouch,5,45.27057467
nova,primary,crouch,6,45.27057467
nova,primary,crouch,7,45.27057467
nova,primary,crouch,8,45.27057467
sawedoff,primary,stand,1,69.0
sawedoff,primary,stand,2,69.13864833
sawedoff,primary,stand,3,69.14062604
sawedoff,primary,stand,4,69.14065425
sawedoff,primary,stand,5,69.14065465
sawedoff,primary,stand,6,69.14065466
sawedoff,primary,stand,7,69.14065466
sawedoff,primary,crouch,1,67.25
sawedoff,primary,crouch,2,67.27532889
sawedoff,primary,crouch,3,67.2753949
sawedoff,primary,crouch,4,67.27539507
sawedoff,primary,crouch,5,67.27539507
sawedoff,primary,crouch,6,67.27539507
sawedoff,primary,crouch,7,67.27539507
xm1014,primary,stand,1,45.0
xm1014,primary,stand,2,46.79902851
xm1014,primary,stand,3,47.16556345
xm1014,primary,stand,4,47.24024146
xm1014,primary,stand,5,47.2554564
xm1014,primary,stand,6,47.2585563
xm1014,primary,stand,7,47.25918787
xm1014,primary,crouch,1,43.25
xm1014,primary,crouch,2,44.20207022
xm1014,primary,crouch,3,44.30472455
xm1014,primary,crouch,4,44.31579297
xm1014,primary,crouch,5,44.31698639
xm1014,primary,crouch,6,44.31711507
xm1014,primary,crouch,7,44.31712894
bizon,primary,stand,1,15.0
bizon,primary,stand,2,16.65240915
bizon,primary,stand,3,17.60048415
bizon,primary,stand,4,18.14444519
bizon,primary,stand,5,18.45654457
bizon,primary,stand,6,18.63561258
bizon,primary,stand,7,18.73835342
bizon,primary,stand,8,18.7973013
bizon,primary,stand,9,18.83112284
bizon,primary,stand,10,18.85052805
bizon,primary,stand,11,18.86166185
bizon,primary,stand,12,18.86804991
bizon,primary,stand,13,18.87171507
bizon,primary,stand,14,18.87381797
bizon,primary,stand,15,18.87502452
bizon,primary,stand,16,18.87571678
bizon,primary,stand,17,18.87611397
bizon,primary,stand,18,18.87634185
bizon,primary,stand,19,18.8764726
bizon,primary,stand,20,18.87654762
bizon,primary,stand,21,18.87659067
bizon,primary,stand,22,18.87661536
bizon,primary,stand,23,18.87662953
bizon,primary,stand,24,18.87663766
bizon,primary,stand,25,18.87664232
bizon,primary,stand,26,18.876645
bizon,primary,stand,27,18.87664654
bizon,primary,stand,28,18.87664742
bizon,primary,stand,29,18.87664792
bizon,primary,stand,30,18.87664821
bizon,primary,stand,31,18.87664821
bizon,primary,stand,32,18.87664821
bizon,primary,stand,33,18.87664821
bizon,primary,stand,34,18.87664821
bizon,primary,stand,35,18.87664821
bizon,primary,stand,36,18.87664821
bizon,primary,stand,37,18.87664821
bizon,primary,stand,38,18.87664821
bizon,primary,stand,39,18.87664821
bizon,primary,stand,40,18.87664821
bizon,primary,stand,41,18.87664821
bizon,primary,stand,42,18.87664821
bizon,primary,stand,43,18.87664821
bizon,primary,stand,44,18.87664821
bizon,primary,stand,45,18.87664821
bizon,primary,stand,46,18.87664821
bizon,primary,stand,47,18.87664821
bizon,primary,stand,48,18.87664821
bizon,primary,stand,49,18.87664821
bizon,primary,stand,50,18.87664821
bizon,primary,stand,51,18.87664821
bizon,primary,stand,52,18.87664821
bizon,primary,stand,53,18.87664821
bizon,primary,stand,54,18.87664821
bizon,primary,stand,55,18.87664821
bizon,primary,stand,56,18.87664821
bizon,primary,stand,57,18.87664821
bizon,primary,stand,58,18.87664821
bizon,primary,stand,59,18.87664821
bizon,primary,stand,60,18.87664821
bizon,primary,stand,61,18.87664821
bizon,primary,stand,62,18.87664821
bizon,primary,stand,63,18.87664821
bizon,primary,stand,64,18.87664821
bizon,primary,crouch,1,11.5
bizon,primary,crouch,2,12.82314497
bizon,primary,crouch,3,13.43103129
bizon,primary,crouch,4,13.71030966
bizon,primary,crouch,5,13.83861722
bizon,primary,crouch,6,13.89756497
bizon,primary,crouch,7,13.92464706
bizon,primary,crouch,8,13.93708925
bizon,primary,crouch,9,13.94280551
bizon,primary,crouch,10,13.94543171
bizon,primary,crouch,11,13.94663825
bizon,primary,crouch,12,13.94719256
bizon,primary,crouch,13,13.94744723
bizon,primary,crouch,14,13.94756423
bizon,primary,crouch,15,13.94761798
bizon,primary,crouch,16,13.94764268
bizon,primary,crouch,17,13.94765402
bizon,primary,crouch,18,13.94765924
bizon,primary,crouch,19,13.94766163
bizon,primary,crouch,20,13.94766273
bizon,primary,crouch,21,13.94766324
bizon,primary,crouch,22,13.94766347
bizon,primary,crouch,23,13.94766358
bizon,primary,crouch,24,13.94766363
bizon,primary,crouch,25,13.94766365
bizon,primary,crouch,26,13.94766366
bizon,primary,crouch,27,13.94766366
bizon,primary,crouch,28,13.94766367
bizon,primary,crouch,29,13.94766367
bizon,primary,crouch,30,13.94766367
bizon,primary,crouch,31,13.94766367
bizon,primary,crouch,32,13.94766367
bizon,primary,crouch,33,13.94766367
bizon,primary,crouch,34,13.94766367
bizon,primary,crouch,35,13.94766367
bizon,primary,crouch,36,13.94766367
bizon,primary,crouch,37,13.94766367
bizon,primary,crouch,38,13.94766367
bizon,primary,crouch,39,13.94766367
bizon,primary,crouch,40,13.94766367
bizon,primary,crouch,41,13.94766367
bizon,primary,crouch,42,13.94766367
bizon,primary,crouch,43,13.94766367
bizon,primary,crouch,44,13.94766367
bizon,primary,crouch,45,13.94766367
bizon,primary,crouch,46,13.94766367
bizon,primary,crouch,47,13.94766367
bizon,primary,crouch,48,13.94766367
bizon,primary,crouch,49,13.94766367
bizon,primary,crouch,50,13.94766367
bizon,primary,crouch,51,13.94766367
bizon,primary,crouch,52,13.94766367
bizon,primary,crouch,53,13.94766367
bizon,primary,crouch,54,13.94766367
bizon,primary,crouch,55,13.94766367
bizon,primary,crouch,56,13.94766367
bizon,primary,crouch,57,13.94766367
bizon,primary,crouch,58,13.94766367
bizon,primary,crouch,59,13.94766367
bizon,primary,crouch,60,13.94766367
bizon,primary,crouch,61,13.94766367
bizon,primary,crouch,62,13.94766367
bizon,primary,crouch,63,13.94766367
bizon,primary,crouch,64,13.94766367
mac10,primary,stand,1,13.9
mac10,primary,stand,2,16.99015195
mac10,primary,stand,3,18.9962526
mac10,primary,stand,4,20.29859626
mac10,primary,stand,5,21.14406681
mac10,primary,stand,6,21.69293917
mac10,primary,stand,7,22.04926249
mac10,primary,stand,8,22.2805846
mac10,primary,stand,9,22.43075696
mac10,primary,stand,10,22.52824759
mac10,primary,stand,11,22.59153769
mac10,primary,stand,12,22.63262509
mac10,primary,stand,13,22.65929869
mac10,primary,stand,14,22.67661496
mac10,primary,stand,15,22.68785654
mac10,primary,stand,16,22.69515448
mac10,primary,stand,17,22.69989224
mac10,primary,stand,18,22.70296795
mac10,primary,stand,19,22.70496468
mac10,primary,stand,20,22.70626094
mac10,primary,stand,21,22.70710246
mac10,primary,stand,22,22.70764877
mac10,primary,stand,23,22.70800343
mac10,primary,stand,24,22.70823367
mac10,primary,stand,25,22.70838314
mac10,primary,stand,26,22.70848017
mac10,primary,stand,27,22.70854317
mac10,primary,stand,28,22.70858406
mac10,primary,stand,29,22.70861061
mac10,primary,stand,30,22.70862785
mac10,primary,crouch,1,10.58
mac10,primary,crouch,2,13.17973602
mac10,primary,crouch,3,14.59961572
mac10,primary,crouch,4,15.37510151
mac10,primary,crouch,5,15.79864319
mac10,primary,crouch,6,16.02996599
mac10,primary,crouch,7,16.15630595
mac10,primary,crouch,8,16.22530817
mac10,primary,crouch,9,16.26299463
mac10,primary,crouch,10,16.28357758
mac10,primary,crouch,11,16.29481923
mac10,primary,crouch,12,16.300959
mac10,primary,crouch,13,16.30431231
mac10,primary,crouch,14,16.30614377
mac10,primary,crouch,15,16.30714405
mac10,primary,crouch,16,16.30769036
mac10,primary,crouch,17,16.30798874
mac10,primary,crouch,18,16.3081517
mac10,primary,crouch,19,16.3082407
mac10,primary,crouch,20,16.30828931
mac10,primary,crouch,21,16.30831586
mac10,primary,crouch,22,16.30833036
mac10,primary,crouch,23,16.30833828
mac10,primary,crouch,24,16.30834261
mac10,primary,crouch,25,16.30834497
mac10,primary,crouch,26,16.30834626
mac10,primary,crouch,27,16.30834696
mac10,primary,crouch,28,16.30834735
mac10,primary,crouch,29,16.30834756
mac10,primary,crouch,30,16.30834767
mp7,primary,stand,1,10.6
mp7,primary,stand,2,12.03085488
mp7,primary,stand,3,12.97000428
mp7,primary,stand,4,13.5864201
mp7,primary,stand,5,13.99100799
mp7,primary,stand,6,14.25656145
mp7,primary,stand,7,14.43085892
mp7,primary,stand,8,14.54526001
mp7,primary,stand,9,14.62034779
mp7,primary,stand,10,14.66963206
mp7,primary,stand,11,14.70198006
mp7,primary,stand,12,14.72321185
mp7,primary,stand,13,14.73714744
mp7,primary,stand,14,14.74629415
mp7,primary,stand,15,14.75229764
mp7,primary,stand,16,14.75623807
mp7,primary,stand,17,14.75882438
mp7,primary,stand,18,14.76052193
mp7,primary,stand,19,14.76163612
mp7,primary,stand,20,14.76236743
mp7,primary,stand,21,14.76284742
mp7,primary,stand,22,14.76316247
mp7,primary,stand,23,14.76336926
mp7,primary,stand,24,14.76350498
mp7,primary,stand,25,14.76359406
mp7,primary,stand,26,14.76365253
mp7,primary,stand,27,14.76369091
mp7,primary,stand,28,14.7637161
mp7,primary,stand,29,14.76373263
mp7,primary,stand,30,14.76374348
mp7,primary,crouch,1,9.1
mp7,primary,crouch,2,10.30907037
mp7,primary,crouch,3,10.9796443
mp7,primary,crouch,4,11.35155763
mp7,primary,crouch,5,11.55782799
mp7,primary,crouch,6,11.67222954
mp7,primary,crouch,7,11.73567887
mp7,primary,crouch,8,11.7708691
mp7,primary,crouch,9,11.79038628
mp7,primary,crouch,10,11.80121089
mp7,primary,crouch,11,11.80721443
mp7,primary,crouch,12,11.81054411
mp7,primary,crouch,13,11.81239082
mp7,primary,crouch,14,11.81341503
mp7,primary,crouch,15,11.81398309
mp7,primary,crouch,16,11.81429814
mp7,primary,crouch,17,11.81447287
mp7,primary,crouch,18,11.81456978
mp7,primary,crouch,19,11.81462353
mp7,primary,crouch,20,11.81465334
mp7,primary,crouch,21,11.81466987
mp7,primary,crouch,22,11.81467904
mp7,primary,crouch,23,11.81468413
mp7,primary,crouch,24,11.81468695
mp7,primary,crouch,25,11.81468851
mp7,primary,crouch,26,11.81468938
mp7,primary,crouch,27,11.81468986
mp7,primary,crouch,28,11.81469013
mp7,primary,crouch,29,11.81469028
mp7,primary,crouch,30,11.81469036
mp5sd,primary,stand,1,10.6
mp5sd,primary,stand,2,12.03085488
mp5sd,primary,stand,3,12.97000428
mp5sd,primary,stand,4,13.5864201
mp5sd,primary,stand,5,13.99100799
mp5sd,primary,stand,6,14.25656145
mp5sd,primary,stand,7,14.43085892
mp5sd,primary,stand,8,14.54526001
mp5sd,primary,stand,9,14.62034779
mp5sd,primary,stand,10,14.66963206
mp5sd,primary,stand,11,14.70198006
mp5sd,primary,stand,12,14.72321185
mp5sd,primary,stand,13,14.73714744
mp5sd,primary,stand,14,14.74629415
mp5sd,primary,stand,15,14.75229764
mp5sd,primary,stand,16,14.75623807
mp5sd,primary,stand,17,14.75882438
mp5sd,primary,stand,18,14.76052193
mp5sd,primary,stand,19,14.76163612
mp5sd,primary,stand,20,14.76236743
mp5sd,primary,stand,21,14.76284742
mp5sd,primary,stand,22,14.76316247
mp5sd,primary,stand,23,14.76336926
mp5sd,primary,stand,24,14.76350498
mp5sd,primary,stand,25,14.76359406
mp5sd,primary,stand,26,14.76365253
mp5sd,primary,stand,27,14.76369091
mp5sd,primary,stand,28,14.7637161
mp5sd,primary,stand,29,14.76373263
mp5sd,primary,stand,30,14.76374348
mp5sd,primary,crouch,1,9.1
mp5sd,primary,crouch,2,10.30907037
mp5sd,primary,crouch,3,10.9796443
mp5sd,primary,crouch,4,11.35155763
mp5sd,primary,crouch,5,11.55782799
mp5sd,primary,crouch,6,11.67222954
mp5sd,primary,crouch,7,11.73567887
mp5sd,primary,crouch,8,11.7708691
mp5sd,primary,crouch,9,11.79038628
mp5sd,primary,crouch,10,11.80121089
mp5sd,primary,crouch,11,11.80721443
mp5sd,primary,crouch,12,11.81054411
mp5sd,primary,crouch,13,11.81239082
mp5sd,primary,crouch,14,11.81341503
mp5sd,primary,crouch,15,11.81398309
mp5sd,primary,crouch,16,11.81429814
mp5sd,primary,crouch,17,11.81447287
mp5sd,primary,crouch,18,11.81456978
mp5sd,primary,crouch,19,11.81462353
mp5sd,primary,crouch,20,11.81465334
mp5sd,primary,crouch,21,11.81466987
mp5sd,primary,crouch,22,11.81467904
mp5sd,primary,crouch,23,11.81468413
mp5sd,primary,crouch,24,11.81468695
mp5sd,primary,crouch,25,11.81468851
mp5sd,primary,crouch,26,11.81468938
mp5sd,primary,crouch,27,11.81468986
mp5sd,primary,crouch,28,11.81469013
mp5sd,primary,crouch,29,11.81469028
mp5sd,primary,crouch,30,11.81469036
mp9,primary,stand,1,9.6
mp9,primary,stand,2,11.58046954
mp9,primary,stand,3,12.6405397
mp9,primary,stand,4,13.20795502
mp9,primary,stand,5,13.51167089
mp9,primary,stand,6,13.67423847
mp9,primary,stand,7,13.76125473
mp9,primary,stand,8,13.80783122
mp9,primary,stand,9,13.83276185
mp9,primary,stand,10,13.84610627
mp9,primary,stand,11,13.85324904
mp9,primary,stand,12,13.85707229
mp9,primary,stand,13,13.85911873
mp9,primary,stand,14,13.86021411
mp9,primary,stand,15,13.86080042
mp9,primary,stand,16,13.86111426
mp9,primary,stand,17,13.86128224
mp9,primary,stand,18,13.86137215
mp9,primary,stand,19,13.86142028
mp9,primary,stand,20,13.86144604
mp9,primary,stand,21,13.86145983
mp9,primary,stand,22,13.86146721
mp9,primary,stand,23,13.86147116
mp9,primary,stand,24,13.86147328
mp9,primary,stand,25,13.86147441
mp9,primary,stand,26,13.86147502
mp9,primary,stand,27,13.86147534
mp9,primary,stand,28,13.86147551
mp9,primary,stand,29,13.86147561
mp9,primary,stand,30,13.86147566
mp9,primary,crouch,1,8.6
mp9,primary,crouch,2,10.14239088
mp9,primary,crouch,3,10.78535565
mp9,primary,crouch,4,11.05338349
mp9,primary,crouch,5,11.16511421
mp9,primary,crouch,6,11.21169055
mp9,primary,crouch,7,11.23110648
mp9,primary,crouch,8,11.23920025
mp9,primary,crouch,9,11.24257424
mp9,primary,crouch,10,11.24398072
mp9,primary,crouch,11,11.24456704
mp9,primary,crouch,12,11.24481145
mp9,primary,crouch,13,11.24491333
mp9,primary,crouch,14,11.24495581
mp9,primary,crouch,15,11.24497351
mp9,primary,crouch,16,11.24498089
mp9,primary,crouch,17,11.24498397
mp9,primary,crouch,18,11.24498525
mp9,primary,crouch,19,11.24498579
mp9,primary,crouch,20,11.24498601
mp9,primary,crouch,21,11.2449861
mp9,primary,crouch,22,11.24498614
mp9,primary,crouch,23,11.24498616
mp9,primary,crouch,24,11.24498616
mp9,primary,crouch,25,11.24498617
mp9,primary,crouch,26,11.24498617
mp9,primary,crouch,27,11.24498617
mp9,primary,crouch,28,11.24498617
mp9,primary,crouch,29,11.24498617
mp9,primary,crouch,30,11.24498617
p90,primary,stand,1,14.65
p90,primary,stand,2,16.49808685
p90,primary,stand,3,17.69648158
p90,primary,stand,4,18.47358248
p90,primary,stand,5,18.97749474
p90,primary,stand,6,19.30425741
p90,primary,stand,7,19.51614716
p90,primary,stand,8,19.6535474
p90,primary,stand,9,19.74264479
p90,primary,stand,10,19.80042013
p90,primary,stand,11,19.83788463
p90,primary,stand,12,19.86217855
p90,primary,stand,13,19.87793198
p90,primary,stand,14,19.88814731
p90,primary,stand,15,19.89477146
p90,primary,stand,16,19.8990669
p90,primary,stand,17,19.90185229
p90,primary,stand,18,19.90365847
p90,primary,stand,19,19.9048297
p90,primary,stand,20,19.90558918
p90,primary,stand,21,19.90608167
p90,primary,stand,22,19.90640102
p90,primary,stand,23,19.90660811
p90,primary,stand,24,19.90674239
p90,primary,stand,25,19.90682947
p90,primary,stand,26,19.90688593
p90,primary,stand,27,19.90692255
p90,primary,stand,28,19.90694629
p90,primary,stand,29,19.90696169
p90,primary,stand,30,19.90697167
p90,primary,stand,31,19.90697167
p90,primary,stand,32,19.90697167
p90,primary,stand,33,19.90697167
p90,primary,stand,34,19.90697167
p90,primary,stand,35,19.90697167
p90,primary,stand,36,19.90697167
p90,primary,stand,37,19.90697167
p90,primary,stand,38,19.90697167
p90,primary,stand,39,19.90697167
p90,primary,stand,40,19.90697167
p90,primary,stand,41,19.90697167
p90,primary,stand,42,19.90697167
p90,primary,stand,43,19.90697167
p90,primary,stand,44,19.90697167
p90,primary,stand,45,19.90697167
p90,primary,stand,46,19.90697167
p90,primary,stand,47,19.90697167
p90,primary,stand,48,19.90697167
p90,primary,stand,49,19.90697167
p90,primary,stand,50,19.90697167
p90,primary,crouch,1,11.24
p90,primary,crouch,2,12.79407903
p90,primary,crouch,3,13.64150416
p90,primary,crouch,4,14.10359736
p90,primary,crouch,5,14.35557257
p90,primary,crouch,6,14.49297236
p90,primary,crouch,7,14.56789521
p90,primary,crouch,8,14.60874996
p90,primary,crouch,9,14.63102768
p90,primary,crouch,10,14.64317552
p90,primary,crouch,11,14.64979962
p90,primary,crouch,12,14.65341169
p90,primary,crouch,13,14.65538131
p90,primary,crouch,14,14.65645533
p90,primary,crouch,15,14.65704098
p90,primary,crouch,16,14.65736033
p90,primary,crouch,17,14.65753447
p90,primary,crouch,18,14.65762943
p90,primary,crouch,19,14.65768121
p90,primary,crouch,20,14.65770944
p90,primary,crouch,21,14.65772484
p90,primary,crouch,22,14.65773324
p90,primary,crouch,23,14.65773781
p90,primary,crouch,24,14.65774031
p90,primary,crouch,25,14.65774167
p90,primary,crouch,26,14.65774241
p90,primary,crouch,27,14.65774282
p90,primary,crouch,28,14.65774304
p90,primary,crouch,29,14.65774316
p90,primary,crouch,30,14.65774322
p90,primary,crouch,31,14.65774322
p90,primary,crouch,32,14.65774322
p90,primary,crouch,33,14.65774322
p90,primary,crouch,34,14.65774322
p90,primary,crouch,35,14.65774322
p90,primary,crouch,36,14.65774322
p90,primary,crouch,37,14.65774322
p90,primary,crouch,38,14.65774322
p90,primary,crouch,39,14.65774322
p90,primary,crouch,40,14.65774322
p90,primary,crouch,41,14.65774322
p90,primary,crouch,42,14.65774322
p90,primary,crouch,43,14.65774322
p90,primary,crouch,44,14.65774322
p90,primary,crouch,45,14.65774322
p90,primary,crouch,46,14.65774322
p90,primary,crouch,47,14.65774322
p90,primary,crouch,48,14.65774322
p90,primary,crouch,49,14.65774322
p90,primary,crouch,50,14.65774322
ump45,primary,stand,1,14.43
ump45,primary,stand,2,16.32181257
ump45,primary,stand,3,17.36829057
ump45,primary,stand,4,17.94716199
ump45,primary,stand,5,18.26737141
ump45,primary,stand,6,18.44449896
ump45,primary,stand,7,18.54247911
ump45,primary,stand,8,18.59667796
ump45,primary,stand,9,18.62665869
ump45,primary,stand,10,18.64324287
ump45,primary,stand,11,18.6524166
ump45,primary,stand,12,18.65749116
ump45,primary,stand,13,18.66029821
ump45,primary,stand,14,18.66185096
ump45,primary,stand,15,18.66270989
ump45,primary,stand,16,18.66318501
ump45,primary,stand,17,18.66344783
ump45,primary,stand,18,18.66359321
ump45,primary,stand,19,18.66367363
ump45,primary,stand,20,18.66371811
ump45,primary,stand,21,18.66374272
ump45,primary,stand,22,18.66375633
ump45,primary,stand,23,18.66376386
ump45,primary,stand,24,18.66376803
ump45,primary,stand,25,18.66377033
ump45,primary,crouch,1,11.07
ump45,primary,crouch,2,12.5628594
ump45,primary,crouch,3,13.21450535
ump45,primary,crouch,4,13.49895442
ump45,primary,crouch,5,13.62311888
ump45,primary,crouch,6,13.67731773
ump45,primary,crouch,7,13.700976
ump45,primary,crouch,8,13.71130303
ump45,primary,crouch,9,13.71581087
ump45,primary,crouch,10,13.71777858
ump45,primary,crouch,11,13.71863751
ump45,primary,crouch,12,13.71901243
ump45,primary,crouch,13,13.71917609
ump45,primary,crouch,14,13.71924753
ump45,primary,crouch,15,13.71927871
ump45,primary,crouch,16,13.71929233
ump45,primary,crouch,17,13.71929827
ump45,primary,crouch,18,13.71930086
ump45,primary,crouch,19,13.71930199
ump45,primary,crouch,20,13.71930249
ump45,primary,crouch,21,13.7193027
ump45,primary,crouch,22,13.7193028
ump45,primary,crouch,23,13.71930284
ump45,primary,crouch,24,13.71930286
ump45,primary,crouch,25,13.71930286
ak47,primary,stand,1,7.01
ak47,primary,stand,2,11.18210733
ak47,primary,stand,3,13.41370727
ak47,primary,stand,4,15.15433857
ak47,primary,stand,5,16.67529699
ak47,primary,stand,6,18.09019788
ak47,primary,stand,7,18.9878283
ak47,primary,stand,8,19.55729601
ak47,primary,stand,9,19.91857329
ak47,primary,stand,10,20.147772
ak47,primary,stand,11,20.29317847
ak47,primary,stand,12,20.38542611
ak47,primary,stand,13,20.44394915
ak47,primary,stand,14,20.48107687
ak47,primary,stand,15,20.50463115
ak47,primary,stand,16,20.51957428
ak47,primary,stand,17,20.52905438
ak47,primary,stand,18,20.53506867
ak47,primary,stand,19,20.53888421
ak47,primary,stand,20,20.54130484
ak47,primary,stand,21,20.54284051
ak47,primary,stand,22,20.54381476
ak47,primary,stand,23,20.54443284
ak47,primary,stand,24,20.54482496
ak47,primary,stand,25,20.54507372
ak47,primary,stand,26,20.54523154
ak47,primary,stand,27,20.54533166
ak47,primary,stand,28,20.54539518
ak47,primary,stand,29,20.54543547
ak47,primary,stand,30,20.54546104
ak47,primary,crouch,1,5.41
ak47,primary,crouch,2,9.078612044
ak47,primary,crouch,3,10.80408824
ak47,primary,crouch,4,12.15816456
ak47,primary,crouch,5,13.36671461
ak47,primary,crouch,6,14.51366223
ak47,primary,crouch,7,15.17632726
ak47,primary,crouch,8,15.55919125
ak47,primary,crouch,9,15.78039627
ak47,primary,crouch,10,15.90820057
ak47,primary,crouch,11,15.98204129
ak47,primary,crouch,12,16.0247038
ak47,primary,crouch,13,16.04935266
ak47,primary,crouch,14,16.06359388
ak47,primary,crouch,15,16.07182195
ak47,primary,crouch,16,16.07657583
ak47,primary,crouch,17,16.07932245
ak47,primary,crouch,18,16.08090935
ak47,primary,crouch,19,16.0818262
ak47,primary,crouch,20,16.08235593
ak47,primary,crouch,21,16.08266198
ak47,primary,crouch,22,16.08283881
ak47,primary,crouch,23,16.08294098
ak47,primary,crouch,24,16.083
ak47,primary,crouch,25,16.08303411
ak47,primary,crouch,26,16.08305381
ak47,primary,crouch,27,16.0830652
ak47,primary,crouch,28,16.08307177
ak47,primary,crouch,29,16.08307557
ak47,primary,crouch,30,16.08307777
aug,primary,stand,1,5.4
aug,primary,stand,2,9.666007824
aug,primary,stand,3,12.16241698
aug,primary,stand,4,13.62328131
aug,primary,stand,5,14.47815905
aug,primary,stand,6,14.97842175
aug,primary,stand,7,15.27116861
aug,primary,stand,8,15.44248005
aug,primary,stand,9,15.54272915
aug,primary,stand,10,15.60139354
aug,primary,stand,11,15.63572314
aug,primary,stand,12,15.65581235
aug,primary,stand,13,15.66756828
aug,primary,stand,14,15.67444769
aug,primary,stand,15,15.67847342
aug,primary,stand,16,15.68082923
aug,primary,stand,17,15.68220781
aug,primary,stand,18,15.68301454
aug,primary,stand,19,15.68348663
aug,primary,stand,20,15.68376289
aug,primary,stand,21,15.68392455
aug,primary,stand,22,15.68401915
aug,primary,stand,23,15.68407451
aug,primary,stand,24,15.68410691
aug,primary,stand,25,15.68412587
aug,primary,stand,26,15.68413696
aug,primary,stand,27,15.68414345
aug,primary,stand,28,15.68414725
aug,primary,stand,29,15.68414948
aug,primary,stand,30,15.68415078
aug,scoped,stand,1,3.98
aug,scoped,stand,2,8.246007823735825
aug,scoped,stand,3,10.742416980412818
aug,scoped,stand,4,12.203281314244068
aug,scoped,stand,5,13.05815904778875
aug,scoped,stand,6,13.558421750071215
aug,scoped,stand,7,13.85116860903695
aug,scoped,stand,8,14.022480048093454
aug,scoped,stand,9,14.122729148136047
aug,scoped,stand,10,14.181393543897936
aug,scoped,stand,11,14.21572314215513
aug,scoped,stand,12,14.235812351311633
aug,scoped,stand,13,14.24756828045214
aug,scoped,stand,14,14.25444768863989
aug,scoped,stand,15,14.258473423777286
aug,scoped,stand,16,14.260829228659647
aug,scoped,stand,17,14.262207813304277
aug,scoped,stand,18,14.263014542094355
aug,scoped,stand,19,14.263486628696565
aug,scoped,stand,20,14.263762887288951
aug,scoped,stand,21,14.263924550020981
aug,scoped,stand,22,14.26401915283026
aug,scoped,stand,23,14.264074513094258
aug,scoped,stand,24,14.26410690916001
aug,scoped,stand,25,14.264125866892513
aug,scoped,stand,26,14.264136960697066
aug,scoped,stand,27,14.264143452639043
aug,scoped,stand,28,14.264147251634279
aug,scoped,stand,29,14.264149474754086
aug,scoped,stand,30,14.264150775693249
aug,primary,crouch,1,4.18
aug,primary,crouch,2,7.610968367
aug,primary,crouch,3,9.225720622
aug,primary,crouch,4,9.985688236
aug,primary,crouch,5,10.34335968
aug,primary,crouch,6,10.51169431
aug,primary,crouch,7,10.59091938
aug,primary,crouch,8,10.6282059
aug,primary,crouch,9,10.64575444
aug,primary,crouch,10,10.65401349
aug,primary,crouch,11,10.65790053
aug,primary,crouch,12,10.65972993
aug,primary,crouch,13,10.66059092
aug,primary,crouch,14,10.66099614
aug,primary,crouch,15,10.66118685
aug,primary,crouch,16,10.66127661
aug,primary,crouch,17,10.66131885
aug,primary,crouch,18,10.66133873
aug,primary,crouch,19,10.66134809
aug,primary,crouch,20,10.66135249
aug,primary,crouch,21,10.66135456
aug,primary,crouch,22,10.66135554
aug,primary,crouch,23,10.661356
aug,primary,crouch,24,10.66135621
aug,primary,crouch,25,10.66135632
aug,primary,crouch,26,10.66135636
aug,primary,crouch,27,10.66135639
aug,primary,crouch,28,10.6613564
aug,primary,crouch,29,10.6613564
aug,primary,crouch,30,10.6613564
aug,scoped,crouch,1,3.4099999999999997
aug,scoped,crouch,2,6.840968367200251
aug,scoped,crouch,3,8.455720621895553
aug,scoped,crouch,4,9.215688235986756
aug,scoped,crouch,5,9.573359682357614
aug,scoped,crouch,6,9.741694307645567
aug,scoped,crouch,7,9.820919379588979
aug,scoped,crouch,8,9.858205897521353
aug,scoped,crouch,9,9.87575443847458
aug,scoped,crouch,10,9.88401349045003
aug,scoped,crouch,11,9.887900533806798
aug,scoped,crouch,12,9.889729933367704
aug,scoped,crouch,13,9.890590922671468
aug,scoped,crouch,14,9.890996139004212
aug,scoped,crouch,15,9.891186850172872
aug,scoped,crouch,16,9.891276606549681
aug,scoped,crouch,17,9.891318849524932
aug,scoped,crouch,18,9.89133873077484
aug,scoped,crouch,19,9.891348087693844
aug,scoped,crouch,20,9.891352491437756
aug,scoped,crouch,21,9.891354564017462
aug,scoped,crouch,22,9.89135553945716
aug,scoped,crouch,23,9.891355998538472
aug,scoped,crouch,24,9.891356214600673
aug,scoped,crouch,25,9.89135631628827
aug,scoped,crouch,26,9.89135636414656
aug,scoped,crouch,27,9.891356386670603
aug,scoped,crouch,28,9.891356397271329
aug,scoped,crouch,29,9.891356402260458
aug,scoped,crouch,30,9.891356404608544
famas,primary,stand,1,8.19
famas,primary,stand,2,10.83092079
famas,primary,stand,3,11.98372452
famas,primary,stand,4,13.47639306
famas,primary,stand,5,15.08405741
famas,primary,stand,6,16.74205392
famas,primary,stand,7,17.83748135
famas,primary,stand,8,18.56122308
famas,primary,stand,9,19.0393945
famas,primary,stand,10,19.35531922
famas,primary,stand,11,19.56404861
famas,primary,stand,12,19.70195476
famas,primary,stand,13,19.79306844
famas,primary,stand,14,19.85326666
famas,primary,stand,15,19.89303922
famas,primary,stand,16,19.9193167
famas,primary,stand,17,19.93667805
famas,primary,stand,18,19.94814859
famas,primary,stand,19,19.95572709
famas,primary,stand,20,19.96073416
famas,primary,stand,21,19.9640423
famas,primary,stand,22,19.96622796
famas,primary,stand,23,19.96767202
famas,primary,stand,24,19.9686261
famas,primary,stand,25,19.96925645
famas,primary,crouch,1,6.1
famas,primary,crouch,2,7.175859043
famas,primary,crouch,3,7.367176842
famas,primary,crouch,4,9.185627889
famas,primary,crouch,5,11.23734109
famas,primary,crouch,6,13.36485381
famas,primary,crouch,7,14.74642149
famas,primary,crouch,8,15.64358617
famas,primary,crouch,9,16.22618843
famas,primary,crouch,10,16.60451963
famas,primary,crouch,11,16.85020097
famas,primary,crouch,12,17.00974192
famas,primary,crouch,13,17.11334488
famas,primary,crouch,14,17.18062274
famas,primary,crouch,15,17.22431174
famas,primary,crouch,16,17.25268258
famas,primary,crouch,17,17.27110608
famas,primary,crouch,18,17.28306996
famas,primary,crouch,19,17.29083909
famas,primary,crouch,20,17.29588422
famas,primary,crouch,21,17.29916043
famas,primary,crouch,22,17.30128794
famas,primary,crouch,23,17.30266951
famas,primary,crouch,24,17.30356668
famas,primary,crouch,25,17.30414928
galilar,primary,stand,1,9.37
galilar,primary,stand,2,12.87831064
galilar,primary,stand,3,14.63663114
galilar,primary,stand,4,16.34060961
galilar,primary,stand,5,18.03010284
galilar,primary,stand,6,19.71652734
galilar,primary,stand,7,20.83073696
galilar,primary,stand,8,21.56688795
galilar,primary,stand,9,22.05325809
galilar,primary,stand,10,22.37459966
galilar,primary,stand,11,22.58690792
galilar,primary,stand,12,22.7271786
galilar,primary,stand,13,22.81985452
galilar,primary,stand,14,22.8810849
galilar,primary,stand,15,22.9215394
galilar,primary,stand,16,22.94826743
galilar,primary,stand,17,22.96592646
galilar,primary,stand,18,22.97759367
galilar,primary,stand,19,22.98530212
galilar,primary,stand,20,22.99039504
galilar,primary,stand,21,22.9937599
galilar,primary,stand,22,22.99598304
galilar,primary,stand,23,22.99745185
galilar,primary,stand,24,22.99842229
galilar,primary,stand,25,22.99906345
galilar,primary,stand,26,22.99948706
galilar,primary,stand,27,22.99976694
galilar,primary,stand,28,22.99995185
galilar,primary,stand,29,23.00007402
galilar,primary,stand,30,23.00015474
galilar,primary,stand,31,23.00015474
galilar,primary,stand,32,23.00015474
galilar,primary,stand,33,23.00015474
galilar,primary,stand,34,23.00015474
galilar,primary,stand,35,23.00015474
galilar,primary,crouch,1,7.18
galilar,primary,crouch,2,8.938320502
galilar,primary,crouch,3,9.379990643
galilar,primary,crouch,4,11.28334502
galilar,primary,crouch,5,13.45693184
galilar,primary,crouch,6,15.72295983
galilar,primary,crouch,7,17.18102154
galilar,primary,crouch,8,18.11920235
galilar,primary,crouch,9,18.722869
galilar,primary,crouch,10,19.11129458
galilar,primary,crouch,11,19.36122462
galilar,primary,crouch,12,19.52204057
galilar,primary,crouch,13,19.62551659
galilar,primary,crouch,14,19.6920976
galilar,primary,crouch,15,19.73493874
galilar,primary,crouch,16,19.76250461
galilar,primary,crouch,17,19.78024169
galilar,primary,crouch,18,19.79165451
galilar,primary,crouch,19,19.79899802
galilar,primary,crouch,20,19.80372315
galilar,primary,crouch,21,19.80676351
galilar,primary,crouch,22,19.80871981
galilar,primary,crouch,23,19.80997858
galilar,primary,crouch,24,19.81078853
galilar,primary,crouch,25,19.81130969
galilar,primary,crouch,26,19.81164502
galilar,primary,crouch,27,19.81186079
galilar,primary,crouch,28,19.81199962
galilar,primary,crouch,29,19.81208896
galilar,primary,crouch,30,19.81214644
galilar,primary,crouch,31,19.81214644
galilar,primary,crouch,32,19.81214644
galilar,primary,crouch,33,19.81214644
galilar,primary,crouch,34,19.81214644
galilar,primary,crouch,35,19.81214644
m4a1,primary,stand,1,5.5
m4a1,primary,stand,2,9.29808868
m4a1,primary,stand,3,11.3588712
m4a1,primary,stand,4,12.96747182
m4a1,primary,stand,5,14.37087246
m4a1,primary,stand,6,15.67386542
m4a1,primary,stand,7,16.50913614
m4a1,primary,stand,8,17.04457815
m4a1,primary,stand,9,17.38781794
m4a1,primary,stand,10,17.6078484
m4a1,primary,stand,11,17.74889675
m4a1,primary,stand,12,17.83931439
m4a1,primary,stand,13,17.89727573
m4a1,primary,stand,14,17.93443127
m4a1,primary,stand,15,17.95824946
m4a1,primary,stand,16,17.97351787
m4a1,primary,stand,17,17.98330554
m4a1,primary,stand,18,17.98957982
m4a1,primary,stand,19,17.99360189
m4a1,primary,stand,20,17.9961802
m4a1,primary,stand,21,17.997833
m4a1,primary,stand,22,17.99889251
m4a1,primary,stand,23,17.9995717
m4a1,primary,stand,24,18.00000708
m4a1,primary,stand,25,18.00028618
m4a1,primary,stand,26,18.0004651
m4a1,primary,stand,27,18.00057979
m4a1,primary,stand,28,18.00065331
m4a1,primary,stand,29,18.00070044
m4a1,primary,stand,30,18.00073065
m4a1,primary,crouch,1,4.7
m4a1,primary,crouch,2,7.674067548
m4a1,primary,crouch,3,8.937650088
m4a1,primary,crouch,4,9.950899924
m4a1,primary,crouch,5,10.87689971
m4a1,primary,crouch,6,11.77053112
m4a1,primary,crouch,7,12.25004062
m4a1,primary,crouch,8,12.50733839
m4a1,primary,crouch,9,12.6454006
m4a1,primary,crouch,10,12.71948276
m4a1,primary,crouch,11,12.75923416
m4a1,primary,crouch,12,12.78056417
m4a1,primary,crouch,13,12.79200955
m4a1,primary,crouch,14,12.79815097
m4a1,primary,crouch,15,12.80144636
m4a1,primary,crouch,16,12.80321462
m4a1,primary,crouch,17,12.80416345
m4a1,primary,crouch,18,12.80467257
m4a1,primary,crouch,19,12.80494576
m4a1,primary,crouch,20,12.80509235
m4a1,primary,crouch,21,12.80517101
m4a1,primary,crouch,22,12.80521321
m4a1,primary,crouch,23,12.80523586
m4a1,primary,crouch,24,12.80524801
m4a1,primary,crouch,25,12.80525453
m4a1,primary,crouch,26,12.80525803
m4a1,primary,crouch,27,12.80525991
m4a1,primary,crouch,28,12.80526092
m4a1,primary,crouch,29,12.80526146
m4a1,primary,crouch,30,12.80526175
m4a1_silencer,primary,stand,1,5.4
m4a1_silencer,primary,stand,2,8.948635891
m4a1_silencer,primary,stand,3,10.7476097
m4a1_silencer,primary,stand,4,12.15037916
m4a1_silencer,primary,stand,5,13.38519343
m4a1_silencer,primary,stand,6,14.54303408
m4a1_silencer,primary,stand,7,15.24947651
m4a1_silencer,primary,stand,8,15.6805038
m4a1_silencer,primary,stand,9,15.94348987
m4a1_silencer,primary,stand,10,16.10394763
m4a1_silencer,primary,stand,11,16.20184899
m4a1_silencer,primary,stand,12,16.26158232
m4a1_silencer,primary,stand,13,16.29802789
m4a1_silencer,primary,stand,14,16.32026471
m4a1_silencer,primary,stand,15,16.33383223
m4a1_silencer,primary,stand,16,16.34211029
m4a1_silencer,primary,stand,17,16.34716105
m4a1_silencer,primary,stand,18,16.35024271
m4a1_silencer,primary,stand,19,16.35212295
m4a1_silencer,primary,stand,20,16.35327015
m4a1_silencer,primary,crouch,1,4.6
m4a1_silencer,primary,crouch,2,7.304242179
m4a1_silencer,primary,crouch,3,8.348945859
m4a1_silencer,primary,crouch,4,9.215389524
m4a1_silencer,primary,crouch,5,10.02740432
m4a1_silencer,primary,crouch,6,10.82270327
m4a1_silencer,primary,crouch,7,11.22092877
m4a1_silencer,primary,crouch,8,11.42032996
m4a1_silencer,primary,crouch,9,11.52017498
m4a1_silencer,primary,crouch,10,11.5701698
m4a1_silencer,primary,crouch,11,11.59520343
m4a1_silencer,primary,crouch,12,11.60773837
m4a1_silencer,primary,crouch,13,11.61401492
m4a1_silencer,primary,crouch,14,11.61715774
m4a1_silencer,primary,crouch,15,11.61873143
m4a1_silencer,primary,crouch,16,11.61951941
m4a1_silencer,primary,crouch,17,11.61991398
m4a1_silencer,primary,crouch,18,11.62011154
m4a1_silencer,primary,crouch,19,11.62021047
m4a1_silencer,primary,crouch,20,11.62026
sg556,primary,stand,1,6.41
sg556,primary,stand,2,10.95444025
sg556,primary,stand,3,13.5521682
sg556,primary,stand,4,15.03710146
sg556,primary,stand,5,15.88593046
sg556,primary,stand,6,16.37114463
sg556,primary,stand,7,16.64850649
sg556,primary,stand,8,16.80705421
sg556,primary,stand,9,16.89768448
sg556,primary,stand,10,16.94949126
sg556,primary,stand,11,16.97910544
sg556,primary,stand,12,16.99603373
sg556,primary,stand,13,17.00571041
sg556,primary,stand,14,17.01124187
sg556,primary,stand,15,17.01440381
sg556,primary,stand,16,17.01621126
sg556,primary,stand,17,17.01724444
sg556,primary,stand,18,17.01783504
sg556,primary,stand,19,17.01817265
sg556,primary,stand,20,17.01836563
sg556,primary,stand,21,17.01847594
sg556,primary,stand,22,17.018539
sg556,primary,stand,23,17.01857505
sg556,primary,stand,24,17.01859565
sg556,primary,stand,25,17.01860743
sg556,primary,stand,26,17.01861416
sg556,primary,stand,27,17.01861801
sg556,primary,stand,28,17.01862021
sg556,primary,stand,29,17.01862147
sg556,primary,stand,30,17.01862219
sg556,scoped,stand,1,4.11
sg556,scoped,stand,2,9.368974881075829
sg556,scoped,stand,3,12.37515062018306
sg556,scoped,stand,4,14.093563957146593
sg556,scoped,stand,5,15.075856628276693
sg556,scoped,stand,6,15.637362332987355
sg556,scoped,stand,7,15.958334550014978
sg556,scoped,stand,8,16.141811161631445
sg556,scoped,stand,9,16.24669147595274
sg556,scoped,stand,10,16.306643969271764
sg556,scoped,stand,11,16.340914475404656
sg556,scoped,stand,12,16.36050444615625
sg556,scoped,stand,13,16.37170261616751
sg556,scoped,stand,14,16.378103800385254
sg556,scoped,stand,15,16.3817628946255
sg556,scoped,stand,16,16.383854534266472
sg556,scoped,stand,17,16.385050173433008
sg556,scoped,stand,18,16.385733633905144
sg556,scoped,stand,19,16.386124318845923
sg556,scoped,stand,20,16.38634764518179
sg556,scoped,stand,21,16.386475304702508
sg556,scoped,stand,22,16.38654827842129
sg556,scoped,stand,23,16.386589992220642
sg556,scoped,stand,24,16.38661383698401
sg556,scoped,stand,25,16.38662746731136
sg556,scoped,stand,26,16.386635258784093
sg556,scoped,stand,27,16.386639712605767
sg556,scoped,stand,28,16.386642258533627
sg556,scoped,stand,29,16.38664371385652
sg556,scoped,stand,30,16.38664454575941
sg556,primary,crouch,1,4.41
sg556,primary,crouch,2,8.486484547
sg556,primary,crouch,3,10.57676458
sg556,primary,crouch,4,11.64858776
sg556,primary,crouch,5,12.19818155
sg556,primary,crouch,6,12.4799942
sg556,primary,crouch,7,12.62449796
sg556,primary,crouch,8,12.69859449
sg556,primary,crouch,9,12.73658862
sg556,primary,crouch,10,12.75607069
sg556,primary,crouch,11,12.76606042
sg556,primary,crouch,12,12.77118281
sg556,primary,crouch,13,12.77380939
sg556,primary,crouch,14,12.77515621
sg556,primary,crouch,15,12.77584682
sg556,primary,crouch,16,12.77620093
sg556,primary,crouch,17,12.77638251
sg556,primary,crouch,18,12.77647562
sg556,primary,crouch,19,12.77652336
sg556,primary,crouch,20,12.77654784
sg556,primary,crouch,21,12.7765604
sg556,primary,crouch,22,12.77656683
sg556,primary,crouch,23,12.77657013
sg556,primary,crouch,24,12.77657183
sg556,primary,crouch,25,12.77657269
sg556,primary,crouch,26,12.77657314
sg556,primary,crouch,27,12.77657337
sg556,primary,crouch,28,12.77657348
sg556,primary,crouch,29,12.77657354
sg556,primary,crouch,30,12.77657357
sg556,scoped,crouch,1,3.3499999999999996
sg556,scoped,crouch,2,8.067441237077533
sg556,scoped,crouch,3,10.486381652868797
sg556,scoped,crouch,4,11.726730486291315
sg556,scoped,crouch,5,12.362738392285706
sg556,scoped,crouch,6,12.688861209986282
sg556,scoped,crouch,7,12.856085691352868
sg556,scoped,crouch,8,12.941832611379786
sg556,scoped,crouch,9,12.985800660997977
sg556,scoped,crouch,10,13.008345953430883
sg556,scoped,crouch,11,13.019906398237946
sg556,scoped,crouch,12,13.025834193787052
sg556,scoped,crouch,13,13.028873761957522
sg556,scoped,crouch,14,13.030432347199945
sg556,scoped,crouch,15,13.031231535710173
sg556,scoped,crouch,16,13.031641331887819
sg556,scoped,crouch,17,13.03185146116904
sg556,scoped,crouch,18,13.031959208183862
sg556,scoped,crouch,19,13.032014457119827
sg556,scoped,crouch,20,13.032042786859916
sg556,scoped,crouch,21,13.032057313369062
sg556,scoped,crouch,22,13.032064762059635
sg556,scoped,crouch,23,13.032068581490078
sg556,scoped,crouch,24,13.032070539961673
sg556,scoped,crouch,25,13.03207154419805
sg556,scoped,crouch,26,13.032072059135668
sg556,scoped,crouch,27,13.032072323177836
sg556,scoped,crouch,28,13.032072458569514
sg556,scoped,crouch,29,13.032072527993675
sg556,scoped,crouch,30,13.032072563591978
m249,primary,stand,1,9.7
m249,primary,stand,2,12.55062543
m249,primary,stand,3,14.83322807
m249,primary,stand,4,16.66099355
m249,primary,stand,5,18.12455388
m249,primary,stand,6,19.29648149
m249,primary,stand,7,20.23488786
m249,primary,stand,8,20.986305
m249,primary,stand,9,21.58799288
m249,primary,stand,10,22.06978691
m249,primary,stand,11,22.45557746
m249,primary,stand,12,22.7644944
m249,primary,stand,13,23.01185578
m249,primary,stand,14,23.20992731
m249,primary,stand,15,23.3685306
m249,primary,stand,16,23.49553021
m249,primary,stand,17,23.59722355
m249,primary,stand,18,23.67865322
m249,primary,stand,19,23.74385701
m249,primary,stand,20,23.79606813
m249,primary,stand,21,23.83787553
m249,primary,stand,22,23.87135228
m249,primary,stand,23,23.89815837
m249,primary,stand,24,23.91962301
m249,primary,stand,25,23.93681055
m249,primary,stand,26,23.95057326
m249,primary,stand,27,23.96159358
m249,primary,stand,28,23.97041796
m249,primary,stand,29,23.97748397
m249,primary,stand,30,23.983142
m249,primary,stand,31,23.983142
m249,primary,stand,32,23.983142
m249,primary,stand,33,23.983142
m249,primary,stand,34,23.983142
m249,primary,stand,35,23.983142
m249,primary,stand,36,23.983142
m249,primary,stand,37,23.983142
m249,primary,stand,38,23.983142
m249,primary,stand,39,23.983142
m249,primary,stand,40,23.983142
m249,primary,stand,41,23.983142
m249,primary,stand,42,23.983142
m249,primary,stand,43,23.983142
m249,primary,stand,44,23.983142
m249,primary,stand,45,23.983142
m249,primary,stand,46,23.983142
m249,primary,stand,47,23.983142
m249,primary,stand,48,23.983142
m249,primary,stand,49,23.983142
m249,primary,stand,50,23.983142
m249,primary,stand,51,23.983142
m249,primary,stand,52,23.983142
m249,primary,stand,53,23.983142
m249,primary,stand,54,23.983142
m249,primary,stand,55,23.983142
m249,primary,stand,56,23.983142
m249,primary,stand,57,23.983142
m249,primary,stand,58,23.983142
m249,primary,stand,59,23.983142
m249,primary,stand,60,23.983142
m249,primary,stand,61,23.983142
m249,primary,stand,62,23.983142
m249,primary,stand,63,23.983142
m249,primary,stand,64,23.983142
m249,primary,stand,65,23.983142
m249,primary,stand,66,23.983142
m249,primary,stand,67,23.983142
m249,primary,stand,68,23.983142
m249,primary,stand,69,23.983142
m249,primary,stand,70,23.983142
m249,primary,stand,71,23.983142
m249,primary,stand,72,23.983142
m249,primary,stand,73,23.983142
m249,primary,stand,74,23.983142
m249,primary,stand,75,23.983142
m249,primary,stand,76,23.983142
m249,primary,stand,77,23.983142
m249,primary,stand,78,23.983142
m249,primary,stand,79,23.983142
m249,primary,stand,80,23.983142
m249,primary,stand,81,23.983142
m249,primary,stand,82,23.983142
m249,primary,stand,83,23.983142
m249,primary,stand,84,23.983142
m249,primary,stand,85,23.983142
m249,primary,stand,86,23.983142
m249,primary,stand,87,23.983142
m249,primary,stand,88,23.983142
m249,primary,stand,89,23.983142
m249,primary,stand,90,23.983142
m249,primary,stand,91,23.983142
m249,primary,stand,92,23.983142
m249,primary,stand,93,23.983142
m249,primary,stand,94,23.983142
m249,primary,stand,95,23.983142
m249,primary,stand,96,23.983142
m249,primary,stand,97,23.983142
m249,primary,stand,98,23.983142
m249,primary,stand,99,23.983142
m249,primary,stand,100,23.983142
m249,primary,crouch,1,7.34
m249,primary,crouch,2,9.948171161
m249,primary,crouch,3,11.85900172
m249,primary,crouch,4,13.25893801
m249,primary,crouch,5,14.28457661
m249,primary,crouch,6,15.03599263
m249,primary,crouch,7,15.58650432
m249,primary,crouch,8,15.98982699
m249,primary,crouch,9,16.28531422
m249,primary,crouch,10,16.50179773
m249,primary,crouch,11,16.66040055
m249,primary,crouch,12,16.7765981
m249,primary,crouch,13,16.86172819
m249,primary,crouch,14,16.92409725
m249,primary,crouch,15,16.96979084
m249,primary,crouch,16,17.00326744
m249,primary,crouch,17,17.02779348
m249,primary,crouch,18,17.04576205
m249,primary,crouch,19,17.05892641
m249,primary,crouch,20,17.06857104
m249,primary,crouch,21,17.07563701
m249,primary,crouch,22,17.08081377
m249,primary,crouch,23,17.08460643
m249,primary,crouch,24,17.08738505
m249,primary,crouch,25,17.08942076
m249,primary,crouch,26,17.09091219
m249,primary,crouch,27,17.09200486
m249,primary,crouch,28,17.09280539
m249,primary,crouch,29,17.09339188
m249,primary,crouch,30,17.09382156
m249,primary,crouch,31,17.09382156
m249,primary,crouch,32,17.09382156
m249,primary,crouch,33,17.09382156
m249,primary,crouch,34,17.09382156
m249,primary,crouch,35,17.09382156
m249,primary,crouch,36,17.09382156
m249,primary,crouch,37,17.09382156
m249,primary,crouch,38,17.09382156
m249,primary,crouch,39,17.09382156
m249,primary,crouch,40,17.09382156
m249,primary,crouch,41,17.09382156
m249,primary,crouch,42,17.09382156
m249,primary,crouch,43,17.09382156
m249,primary,crouch,44,17.09382156
m249,primary,crouch,45,17.09382156
m249,primary,crouch,46,17.09382156
m249,primary,crouch,47,17.09382156
m249,primary,crouch,48,17.09382156
m249,primary,crouch,49,17.09382156
m249,primary,crouch,50,17.09382156
m249,primary,crouch,51,17.09382156
m249,primary,crouch,52,17.09382156
m249,primary,crouch,53,17.09382156
m249,primary,crouch,54,17.09382156
m249,primary,crouch,55,17.09382156
m249,primary,crouch,56,17.09382156
m249,primary,crouch,57,17.09382156
m249,primary,crouch,58,17.09382156
m249,primary,crouch,59,17.09382156
m249,primary,crouch,60,17.09382156
m249,primary,crouch,61,17.09382156
m249,primary,crouch,62,17.09382156
m249,primary,crouch,63,17.09382156
m249,primary,crouch,64,17.09382156
m249,primary,crouch,65,17.09382156
m249,primary,crouch,66,17.09382156
m249,primary,crouch,67,17.09382156
m249,primary,crouch,68,17.09382156
m249,primary,crouch,69,17.09382156
m249,primary,crouch,70,17.09382156
m249,primary,crouch,71,17.09382156
m249,primary,crouch,72,17.09382156
m249,primary,crouch,73,17.09382156
m249,primary,crouch,74,17.09382156
m249,primary,crouch,75,17.09382156
m249,primary,crouch,76,17.09382156
m249,primary,crouch,77,17.09382156
m249,primary,crouch,78,17.09382156
m249,primary,crouch,79,17.09382156
m249,primary,crouch,80,17.09382156
m249,primary,crouch,81,17.09382156
m249,primary,crouch,82,17.09382156
m249,primary,crouch,83,17.09382156
m249,primary,crouch,84,17.09382156
m249,primary,crouch,85,17.09382156
m249,primary,crouch,86,17.09382156
m249,primary,crouch,87,17.09382156
m249,primary,crouch,88,17.09382156
m249,primary,crouch,89,17.09382156
m249,primary,crouch,90,17.09382156
m249,primary,crouch,91,17.09382156
m249,primary,crouch,92,17.09382156
m249,primary,crouch,93,17.09382156
m249,primary,crouch,94,17.09382156
m249,primary,crouch,95,17.09382156
m249,primary,crouch,96,17.09382156
m249,primary,crouch,97,17.09382156
m249,primary,crouch,98,17.09382156
m249,primary,crouch,99,17.09382156
m249,primary,crouch,100,17.09382156
negev,primary,stand,1,12.17
negev,primary,stand,2,29.04023976
negev,primary,stand,3,38.52707274
negev,primary,stand,4,43.86191097
negev,primary,stand,5,46.86191097
negev,primary,stand,6,48.54893494
negev,primary,stand,7,49.49761824
negev,primary,stand,8,50.03110206
negev,primary,stand,9,50.33110206
negev,primary,stand,10,50.49980446
negev,primary,stand,11,44.76729828
negev,primary,stand,12,34.38035956
negev,primary,stand,13,21.45446074
negev,primary,stand,14,19.15587477
negev,primary,stand,15,18.74712196
negev,primary,stand,16,18.67443429
negev,primary,stand,17,18.66150839
negev,primary,stand,18,18.6592098
negev,primary,stand,19,18.65880105
negev,primary,stand,20,18.65872836
negev,primary,stand,21,18.65871543
negev,primary,stand,22,18.65871314
negev,primary,stand,23,18.65871273
negev,primary,stand,24,18.65871265
negev,primary,stand,25,18.65871264
negev,primary,stand,26,18.65871264
negev,primary,stand,27,18.65871264
negev,primary,stand,28,18.65871264
negev,primary,stand,29,18.65871264
negev,primary,stand,30,18.65871264
negev,primary,stand,31,18.65871264
negev,primary,stand,32,18.65871264
negev,primary,stand,33,18.65871264
negev,primary,stand,34,18.65871264
negev,primary,stand,35,18.65871264
negev,primary,stand,36,18.65871264
negev,primary,stand,37,18.65871264
negev,primary,stand,38,18.65871264
negev,primary,stand,39,18.65871264
negev,primary,stand,40,18.65871264
negev,primary,stand,41,18.65871264
negev,primary,stand,42,18.65871264
negev,primary,stand,43,18.65871264
negev,primary,stand,44,18.65871264
negev,primary,stand,45,18.65871264
negev,primary,stand,46,18.65871264
negev,primary,stand,47,18.65871264
negev,primary,stand,48,18.65871264
negev,primary,stand,49,18.65871264
negev,primary,stand,50,18.65871264
negev,primary,stand,51,18.65871264
negev,primary,stand,52,18.65871264
negev,primary,stand,53,18.65871264
negev,primary,stand,54,18.65871264
negev,primary,stand,55,18.65871264
negev,primary,stand,56,18.65871264
negev,primary,stand,57,18.65871264
negev,primary,stand,58,18.65871264
negev,primary,stand,59,18.65871264
negev,primary,stand,60,18.65871264
negev,primary,stand,61,18.65871264
negev,primary,stand,62,18.65871264
negev,primary,stand,63,18.65871264
negev,primary,stand,64,18.65871264
negev,primary,stand,65,18.65871264
negev,primary,stand,66,18.65871264
negev,primary,stand,67,18.65871264
negev,primary,stand,68,18.65871264
negev,primary,stand,69,18.65871264
negev,primary,stand,70,18.65871264
negev,primary,stand,71,18.65871264
negev,primary,stand,72,18.65871264
negev,primary,stand,73,18.65871264
negev,primary,stand,74,18.65871264
negev,primary,stand,75,18.65871264
negev,primary,stand,76,18.65871264
negev,primary,stand,77,18.65871264
negev,primary,stand,78,18.65871264
negev,primary,stand,79,18.65871264
negev,primary,stand,80,18.65871264
negev,primary,stand,81,18.65871264
negev,primary,stand,82,18.65871264
negev,primary,stand,83,18.65871264
negev,primary,stand,84,18.65871264
negev,primary,stand,85,18.65871264
negev,primary,stand,86,18.65871264
negev,primary,stand,87,18.65871264
negev,primary,stand,88,18.65871264
negev,primary,stand,89,18.65871264
negev,primary,stand,90,18.65871264
negev,primary,stand,91,18.65871264
negev,primary,stand,92,18.65871264
negev,primary,stand,93,18.65871264
negev,primary,stand,94,18.65871264
negev,primary,stand,95,18.65871264
negev,primary,stand,96,18.65871264
negev,primary,stand,97,18.65871264
negev,primary,stand,98,18.65871264
negev,primary,stand,99,18.65871264
negev,primary,stand,100,18.65871264
negev,primary,stand,101,18.65871264
negev,primary,stand,102,18.65871264
negev,primary,stand,103,18.65871264
negev,primary,stand,104,18.65871264
negev,primary,stand,105,18.65871264
negev,primary,stand,106,18.65871264
negev,primary,stand,107,18.65871264
negev,primary,stand,108,18.65871264
negev,primary,stand,109,18.65871264
negev,primary,stand,110,18.65871264
negev,primary,stand,111,18.65871264
negev,primary,stand,112,18.65871264
negev,primary,stand,113,18.65871264
negev,primary,stand,114,18.65871264
negev,primary,stand,115,18.65871264
negev,primary,stand,116,18.65871264
negev,primary,stand,117,18.65871264
negev,primary,stand,118,18.65871264
negev,primary,stand,119,18.65871264
negev,primary,stand,120,18.65871264
negev,primary,stand,121,18.65871264
negev,primary,stand,122,18.65871264
negev,primary,stand,123,18.65871264
negev,primary,stand,124,18.65871264
negev,primary,stand,125,18.65871264
negev,primary,stand,126,18.65871264
negev,primary,stand,127,18.65871264
negev,primary,stand,128,18.65871264
negev,primary,stand,129,18.65871264
negev,primary,stand,130,18.65871264
negev,primary,stand,131,18.65871264
negev,primary,stand,132,18.65871264
negev,primary,stand,133,18.65871264
negev,primary,stand,134,18.65871264
negev,primary,stand,135,18.65871264
negev,primary,stand,136,18.65871264
negev,primary,stand,137,18.65871264
negev,primary,stand,138,18.65871264
negev,primary,stand,139,18.65871264
negev,primary,stand,140,18.65871264
negev,primary,stand,141,18.65871264
negev,primary,stand,142,18.65871264
negev,primary,stand,143,18.65871264
negev,primary,stand,144,18.65871264
negev,primary,stand,145,18.65871264
negev,primary,stand,146,18.65871264
negev,primary,stand,147,18.65871264
negev,primary,stand,148,18.65871264
negev,primary,stand,149,18.65871264
negev,primary,stand,150,18.65871264
negev,primary,crouch,1,9.63
negev,primary,crouch,2,24.66561701
negev,primary,crouch,3,32.2012763
negev,primary,crouch,4,35.97805254
negev,primary,crouch,5,37.87092457
negev,primary,crouch,6,38.81960787
negev,primary,crouch,7,39.29507583
negev,primary,crouch,8,39.5333743
negev,primary,crouch,9,39.65280645
negev,primary,crouch,10,39.71266432
negev,primary,crouch,11,34.22337593
negev,primary,crouch,12,25.05977038
negev,primary,crouch,13,14.87614804
negev,primary,crouch,14,13.70016168
negev,primary,crouch,15,13.56436089
negev,primary,crouch,16,13.54867886
negev,primary,crouch,17,13.54686793
negev,primary,crouch,18,13.54665881
negev,primary,crouch,19,13.54663466
negev,primary,crouch,20,13.54663187
negev,primary,crouch,21,13.54663155
negev,primary,crouch,22,13.54663151
negev,primary,crouch,23,13.5466315
negev,primary,crouch,24,13.5466315
negev,primary,crouch,25,13.5466315
negev,primary,crouch,26,13.5466315
negev,primary,crouch,27,13.5466315
negev,primary,crouch,28,13.5466315
negev,primary,crouch,29,13.5466315
negev,primary,crouch,30,13.5466315
negev,primary,crouch,31,13.5466315
negev,primary,crouch,32,13.5466315
negev,primary,crouch,33,13.5466315
negev,primary,crouch,34,13.5466315
negev,primary,crouch,35,13.5466315
negev,primary,crouch,36,13.5466315
negev,primary,crouch,37,13.5466315
negev,primary,crouch,38,13.5466315
negev,primary,crouch,39,13.5466315
negev,primary,crouch,40,13.5466315
negev,primary,crouch,41,13.5466315
negev,primary,crouch,42,13.5466315
negev,primary,crouch,43,13.5466315
negev,primary,crouch,44,13.5466315
negev,primary,crouch,45,13.5466315
negev,primary,crouch,46,13.5466315
negev,primary,crouch,47,13.5466315
negev,primary,crouch,48,13.5466315
negev,primary,crouch,49,13.5466315
negev,primary,crouch,50,13.5466315
negev,primary,crouch,51,13.5466315
negev,primary,crouch,52,13.5466315
negev,primary,crouch,53,13.5466315
negev,primary,crouch,54,13.5466315
negev,primary,crouch,55,13.5466315
negev,primary,crouch,56,13.5466315
negev,primary,crouch,57,13.5466315
negev,primary,crouch,58,13.5466315
negev,primary,crouch,59,13.5466315
negev,primary,crouch,60,13.5466315
negev,primary,crouch,61,13.5466315
negev,primary,crouch,62,13.5466315
negev,primary,crouch,63,13.5466315
negev,primary,crouch,64,13.5466315
negev,primary,crouch,65,13.5466315
negev,primary,crouch,66,13.5466315
negev,primary,crouch,67,13.5466315
negev,primary,crouch,68,13.5466315
negev,primary,crouch,69,13.5466315
negev,primary,crouch,70,13.5466315
negev,primary,crouch,71,13.5466315
negev,primary,crouch,72,13.5466315
negev,primary,crouch,73,13.5466315
negev,primary,crouch,74,13.5466315
negev,primary,crouch,75,13.5466315
negev,primary,crouch,76,13.5466315
negev,primary,crouch,77,13.5466315
negev,primary,crouch,78,13.5466315
negev,primary,crouch,79,13.5466315
negev,primary,crouch,80,13.5466315
negev,primary,crouch,81,13.5466315
negev,primary,crouch,82,13.5466315
negev,primary,crouch,83,13.5466315
negev,primary,crouch,84,13.5466315
negev,primary,crouch,85,13.5466315
negev,primary,crouch,86,13.5466315
negev,primary,crouch,87,13.5466315
negev,primary,crouch,88,13.5466315
negev,primary,crouch,89,13.5466315
negev,primary,crouch,90,13.5466315
negev,primary,crouch,91,13.5466315
negev,primary,crouch,92,13.5466315
negev,primary,crouch,93,13.5466315
negev,primary,crouch,94,13.5466315
negev,primary,crouch,95,13.5466315
negev,primary,crouch,96,13.5466315
negev,primary,crouch,97,13.5466315
negev,primary,crouch,98,13.5466315
negev,primary,crouch,99,13.5466315
negev,primary,crouch,100,13.5466315
negev,primary,crouch,101,13.5466315
negev,primary,crouch,102,13.5466315
negev,primary,crouch,103,13.5466315
negev,primary,crouch,104,13.5466315
negev,primary,crouch,105,13.5466315
negev,primary,crouch,106,13.5466315
negev,primary,crouch,107,13.5466315
negev,primary,crouch,108,13.5466315
negev,primary,crouch,109,13.5466315
negev,primary,crouch,110,13.5466315
negev,primary,crouch,111,13.5466315
negev,primary,crouch,112,13.5466315
negev,primary,crouch,113,13.5466315
negev,primary,crouch,114,13.5466315
negev,primary,crouch,115,13.5466315
negev,primary,crouch,116,13.5466315
negev,primary,crouch,117,13.5466315
negev,primary,crouch,118,13.5466315
negev,primary,crouch,119,13.5466315
negev,primary,crouch,120,13.5466315
negev,primary,crouch,121,13.5466315
negev,primary,crouch,122,13.5466315
negev,primary,crouch,123,13.5466315
negev,primary,crouch,124,13.5466315
negev,primary,crouch,125,13.5466315
negev,primary,crouch,126,13.5466315
negev,primary,crouch,127,13.5466315
negev,primary,crouch,128,13.5466315
negev,primary,crouch,129,13.5466315
negev,primary,crouch,130,13.5466315
negev,primary,crouch,131,13.5466315
negev,primary,crouch,132,13.5466315
negev,primary,crouch,133,13.5466315
negev,primary,crouch,134,13.5466315
negev,primary,crouch,135,13.5466315
negev,primary,crouch,136,13.5466315
negev,primary,crouch,137,13.5466315
negev,primary,crouch,138,13.5466315
negev,primary,crouch,139,13.5466315
negev,primary,crouch,140,13.5466315
negev,primary,crouch,141,13.5466315
negev,primary,crouch,142,13.5466315
negev,primary,crouch,143,13.5466315
negev,primary,crouch,144,13.5466315
negev,primary,crouch,145,13.5466315
negev,primary,crouch,146,13.5466315
negev,primary,crouch,147,13.5466315
negev,primary,crouch,148,13.5466315
negev,primary,crouch,149,13.5466315
negev,primary,crouch,150,13.5466315
awp,primary,stand,1,2.2
awp,primary,stand,2,2.203300323
awp,primary,stand,3,2.203300526
awp,primary,stand,4,2.203300526
awp,primary,stand,5,2.203300526
awp,scoped,stand,1,2.2
awp,scoped,stand,2,2.2
awp,scoped,stand,3,2.2
awp,scoped,stand,4,2.2
awp,scoped,stand,5,2.2
awp,primary,crouch,1,1.7
awp,primary,crouch,2,1.700068167
awp,primary,crouch,3,1.700068167
awp,primary,crouch,4,1.700068167
awp,primary,crouch,5,1.700068167
awp,scoped,crouch,1,1.7
awp,scoped,crouch,2,1.7
awp,scoped,crouch,3,1.7
awp,scoped,crouch,4,1.7
awp,scoped,crouch,5,1.7
g3sg1,primary,stand,1,2.3
g3sg1,primary,stand,2,8.763488804
g3sg1,primary,stand,3,11.00834036
g3sg1,primary,stand,4,11.78800575
g3sg1,primary,stand,5,12.05879342
g3sg1,primary,stand,6,12.15284141
g3sg1,primary,stand,7,12.18550547
g3sg1,primary,stand,8,12.19685011
g3sg1,primary,stand,9,12.20079025
g3sg1,primary,stand,10,12.20215871
g3sg1,primary,stand,11,12.20263399
g3sg1,primary,stand,12,12.20279906
g3sg1,primary,stand,13,12.20285639
g3sg1,primary,stand,14,12.20287631
g3sg1,primary,stand,15,12.20288322
g3sg1,primary,stand,16,12.20288562
g3sg1,primary,stand,17,12.20288646
g3sg1,primary,stand,18,12.20288675
g3sg1,primary,stand,19,12.20288685
g3sg1,primary,stand,20,12.20288688
g3sg1,scoped,stand,1,2.3
g3sg1,scoped,stand,2,2.3
g3sg1,scoped,stand,3,2.3
g3sg1,scoped,stand,4,2.3
g3sg1,scoped,stand,5,2.3
g3sg1,scoped,stand,6,2.3
g3sg1,scoped,stand,7,2.3
g3sg1,scoped,stand,8,2.3
g3sg1,scoped,stand,9,2.3
g3sg1,scoped,stand,10,2.3
g3sg1,scoped,stand,11,2.3
g3sg1,scoped,stand,12,2.3
g3sg1,scoped,stand,13,2.3
g3sg1,scoped,stand,14,2.3
g3sg1,scoped,stand,15,2.3
g3sg1,scoped,stand,16,2.3
g3sg1,scoped,stand,17,2.3
g3sg1,scoped,stand,18,2.3
g3sg1,scoped,stand,19,2.3
g3sg1,scoped,stand,20,2.3
g3sg1,primary,crouch,1,1.8
g3sg1,primary,crouch,2,6.034045183
g3sg1,primary,crouch,3,6.997351932
g3sg1,primary,crouch,4,7.216518203
g3sg1,primary,crouch,5,7.266381711
g3sg1,primary,crouch,6,7.277726384
g3sg1,primary,crouch,7,7.280307461
g3sg1,primary,crouch,8,7.280894694
g3sg1,primary,crouch,9,7.281028298
g3sg1,primary,crouch,10,7.281058695
g3sg1,primary,crouch,11,7.28106561
g3sg1,primary,crouch,12,7.281067184
g3sg1,primary,crouch,13,7.281067542
g3sg1,primary,crouch,14,7.281067623
g3sg1,primary,crouch,15,7.281067642
g3sg1,primary,crouch,16,7.281067646
g3sg1,primary,crouch,17,7.281067647
g3sg1,primary,crouch,18,7.281067647
g3sg1,primary,crouch,19,7.281067647
g3sg1,primary,crouch,20,7.281067647
g3sg1,scoped,crouch,1,1.8
g3sg1,scoped,crouch,2,1.8
g3sg1,scoped,crouch,3,1.8
g3sg1,scoped,crouch,4,1.8
g3sg1,scoped,crouch,5,1.8
g3sg1,scoped,crouch,6,1.8
g3sg1,scoped,crouch,7,1.8
g3sg1,scoped,crouch,8,1.8
g3sg1,scoped,crouch,9,1.8
g3sg1,scoped,crouch,10,1.8
g3sg1,scoped,crouch,11,1.8
g3sg1,scoped,crouch,12,1.8
g3sg1,scoped,crouch,13,1.8
g3sg1,scoped,crouch,14,1.8
g3sg1,scoped,crouch,15,1.8
g3sg1,scoped,crouch,16,1.8
g3sg1,scoped,crouch,17,1.8
g3sg1,scoped,crouch,18,1.8
g3sg1,scoped,crouch,19,1.8
g3sg1,scoped,crouch,20,1.8
scar20,primary,stand,1,2.3
scar20,primary,stand,2,8.763488804
scar20,primary,stand,3,11.00834036
scar20,primary,stand,4,11.78800575
scar20,primary,stand,5,12.05879342
scar20,primary,stand,6,12.15284141
scar20,primary,stand,7,12.18550547
scar20,primary,stand,8,12.19685011
scar20,primary,stand,9,12.20079025
scar20,primary,stand,10,12.20215871
scar20,primary,stand,11,12.20263399
scar20,primary,stand,12,12.20279906
scar20,primary,stand,13,12.20285639
scar20,primary,stand,14,12.20287631
scar20,primary,stand,15,12.20288322
scar20,primary,stand,16,12.20288562
scar20,primary,stand,17,12.20288646
scar20,primary,stand,18,12.20288675
scar20,primary,stand,19,12.20288685
scar20,primary,stand,20,12.20288688
scar20,scoped,stand,1,2.3
scar20,scoped,stand,2,2.3
scar20,scoped,stand,3,2.3
scar20,scoped,stand,4,2.3
scar20,scoped,stand,5,2.3
scar20,scoped,stand,6,2.3
scar20,scoped,stand,7,2.3
scar20,scoped,stand,8,2.3
scar20,scoped,stand,9,2.3
scar20,scoped,stand,10,2.3
scar20,scoped,stand,11,2.3
scar20,scoped,stand,12,2.3
scar20,scoped,stand,13,2.3
scar20,scoped,stand,14,2.3
scar20,scoped,stand,15,2.3
scar20,scoped,stand,16,2.3
scar20,scoped,stand,17,2.3
scar20,scoped,stand,18,2.3
scar20,scoped,stand,19,2.3
scar20,scoped,stand,20,2.3
scar20,primary,crouch,1,1.8
scar20,primary,crouch,2,6.034045183
scar20,primary,crouch,3,6.997351932
scar20,primary,crouch,4,7.216518203
scar20,primary,crouch,5,7.266381711
scar20,primary,crouch,6,7.277726384
scar20,primary,crouch,7,7.280307461
scar20,primary,crouch,8,7.280894694
scar20,primary,crouch,9,7.281028298
scar20,primary,crouch,10,7.281058695
scar20,primary,crouch,11,7.28106561
scar20,primary,crouch,12,7.281067184
scar20,primary,crouch,13,7.281067542
scar20,primary,crouch,14,7.281067623
scar20,primary,crouch,15,7.281067642
scar20,primary,crouch,16,7.281067646
scar20,primary,crouch,17,7.281067647
scar20,primary,crouch,18,7.281067647
scar20,primary,crouch,19,7.281067647
scar20,primary,crouch,20,7.281067647
scar20,scoped,crouch,1,1.8
scar20,scoped,crouch,2,1.8
scar20,scoped,crouch,3,1.8
scar20,scoped,crouch,4,1.8
scar20,scoped,crouch,5,1.8
scar20,scoped,crouch,6,1.8
scar20,scoped,crouch,7,1.8
scar20,scoped,crouch,8,1.8
scar20,scoped,crouch,9,1.8
scar20,scoped,crouch,10,1.8
scar20,scoped,crouch,11,1.8
scar20,scoped,crouch,12,1.8
scar20,scoped,crouch,13,1.8
scar20,scoped,crouch,14,1.8
scar20,scoped,crouch,15,1.8
scar20,scoped,crouch,16,1.8
scar20,scoped,crouch,17,1.8
scar20,scoped,crouch,18,1.8
scar20,scoped,crouch,19,1.8
scar20,scoped,crouch,20,1.8
ssg08,primary,stand,1,3.23
ssg08,primary,stand,2,3.230000037
ssg08,primary,stand,3,3.230000037
ssg08,primary,stand,4,3.230000037
ssg08,primary,stand,5,3.230000037
ssg08,primary,stand,6,3.230000037
ssg08,primary,stand,7,3.230000037
ssg08,primary,stand,8,3.230000037
ssg08,primary,stand,9,3.230000037
ssg08,primary,stand,10,3.230000037
ssg08,scoped,stand,1,3.23
ssg08,scoped,stand,2,3.23
ssg08,scoped,stand,3,3.23
ssg08,scoped,stand,4,3.23
ssg08,scoped,stand,5,3.23
ssg08,scoped,stand,6,3.23
ssg08,scoped,stand,7,3.23
ssg08,scoped,stand,8,3.23
ssg08,scoped,stand,9,3.23
ssg08,scoped,stand,10,3.23
ssg08,primary,crouch,1,3.03
ssg08,primary,crouch,2,3.03
ssg08,primary,crouch,3,3.03
ssg08,primary,crouch,4,3.03
ssg08,primary,crouch,5,3.03
ssg08,primary,crouch,6,3.03
ssg08,primary,crouch,7,3.03
ssg08,primary,crouch,8,3.03
ssg08,primary,crouch,9,3.03
ssg08,primary,crouch,10,3.03
ssg08,scoped,crouch,1,3.03
ssg08,scoped,crouch,2,3.03
ssg08,scoped,crouch,3,3.03
ssg08,scoped,crouch,4,3.03
ssg08,scoped,crouch,5,3.03
ssg08,scoped,crouch,6,3.03
ssg08,scoped,crouch,7,3.03
ssg08,scoped,crouch,8,3.03
ssg08,scoped,crouch,9,3.03
ssg08,scoped,crouch,10,3.03
