engine_name,mode,display_name,category,price,kill_award,distance_m,vs_armored,hits_needed,expected_ttk,median_ttk,perfect_ttk,p_kill_1s,p_kill_2s,p_kill,first_hit_p,cadence_mult,interval_ms
deagle,primary,Desert Eagle,Pistols,700.0,300.0,2.5,True,3,0.45000000000000007,0.45,0.45,1.0,1.0,1.0,1.0,1.0,225
deagle,primary,Desert Eagle,Pistols,700.0,300.0,5.0,True,3,0.9000000000000001,0.9,0.45,1.0,1.0,1.0,1.0,2.0,450
deagle,primary,Desert Eagle,Pistols,700.0,300.0,7.5,True,3,1.3499999999999999,1.35,0.45,0.0,1.0,1.0,1.0,3.0,675
deagle,primary,Desert Eagle,Pistols,700.0,300.0,10.0,True,3,1.363905,1.35,0.45,0.0,0.9806,1.0,1.0,3.0,675
deagle,primary,Desert Eagle,Pistols,700.0,300.0,12.5,True,3,1.8000000000000003,1.8,0.45,0.0,1.0,1.0,1.0,4.0,900
deagle,primary,Desert Eagle,Pistols,700.0,300.0,15.0,True,3,1.8138600000000005,1.8,0.45,0.0,0.9848,1.0,1.0,4.0,900
deagle,primary,Desert Eagle,Pistols,700.0,300.0,20.0,True,3,2.5795800000000004,1.8,0.45,0.0,0.5098,1.0,1.0,4.0,900
deagle,primary,Desert Eagle,Pistols,700.0,300.0,25.0,True,3,2.7863999999999995,2.7,0.45,0.0,0.0,1.0,1.0,6.0,1350
deagle,primary,Desert Eagle,Pistols,700.0,300.0,30.0,True,3,3.2629900000000003,2.7,0.45,0.0,0.0,1.0,0.9894,6.0,1350
deagle,primary,Desert Eagle,Pistols,700.0,300.0,40.0,True,4,8.10472,6.75,0.675,0.0,0.0,0.8422,0.8064,6.0,1350
deagle,primary,Desert Eagle,Pistols,700.0,300.0,2.5,False,2,0.22500000000000003,0.225,0.225,1.0,1.0,1.0,1.0,1.0,225
deagle,primary,Desert Eagle,Pistols,700.0,300.0,5.0,False,3,0.9000000000000001,0.9,0.45,1.0,1.0,1.0,1.0,2.0,450
deagle,primary,Desert Eagle,Pistols,700.0,300.0,7.5,False,3,1.3499999999999999,1.35,0.45,0.0,1.0,1.0,1.0,3.0,675
deagle,primary,Desert Eagle,Pistols,700.0,300.0,10.0,False,3,1.3624199999999997,1.35,0.45,0.0,0.9818,1.0,1.0,3.0,675
deagle,primary,Desert Eagle,Pistols,700.0,300.0,12.5,False,3,1.8000000000000003,1.8,0.45,0.0,1.0,1.0,1.0,4.0,900
deagle,primary,Desert Eagle,Pistols,700.0,300.0,15.0,False,3,1.8154800000000002,1.8,0.45,0.0,0.9834,1.0,1.0,4.0,900
deagle,primary,Desert Eagle,Pistols,700.0,300.0,20.0,False,3,2.5585200000000006,1.8,0.45,0.0,0.5262,1.0,1.0,4.0,900
deagle,primary,Desert Eagle,Pistols,700.0,300.0,25.0,False,3,2.7766799999999994,2.7,0.45,0.0,0.0,1.0,1.0,6.0,1350
deagle,primary,Desert Eagle,Pistols,700.0,300.0,30.0,False,3,3.24986,2.7,0.45,0.0,0.0,1.0,0.9914,6.0,1350
deagle,primary,Desert Eagle,Pistols,700.0,300.0,40.0,False,4,8.11076,8.100000000000001,0.675,0.0,0.0,0.8376,0.8102,6.0,1350
revolver,primary,R8 Revolver,Pistols,600.0,300.0,2.5,True,2,1.625104,1.0,0.5,0.5574,0.7908,0.9998,0.7416,1.0,500
revolver,primary,R8 Revolver,Pistols,600.0,300.0,5.0,True,2,8.421576,9.27,0.5,0.047,0.1096,0.5486,0.1854,1.0,500
revolver,primary,R8 Revolver,Pistols,600.0,300.0,7.5,True,2,10.921294,12.0,0.5,0.0118,0.028,0.1804,0.0816,1.0,500
revolver,primary,R8 Revolver,Pistols,600.0,300.0,10.0,True,2,11.605877999999999,12.0,0.5,0.003,0.0088,0.0708,0.0416,1.0,500
revolver,primary,R8 Revolver,Pistols,600.0,300.0,12.5,True,2,11.840263999999998,12.0,0.5,0.0008,0.0028,0.0302,0.0276,1.0,500
revolver,primary,R8 Revolver,Pistols,600.0,300.0,15.0,True,2,11.909572,12.0,0.5,0.0004,0.0014,0.0174,0.021,1.0,500
revolver,primary,R8 Revolver,Pistols,600.0,300.0,20.0,True,2,11.971926,12.0,0.5,0.0004,0.0008,0.005,0.0126,1.0,500
revolver,primary,R8 Revolver,Pistols,600.0,300.0,25.0,True,2,11.992132000000002,12.0,0.5,0.0002,0.0002,0.0018,0.0072,1.0,500
revolver,primary,R8 Revolver,Pistols,600.0,300.0,30.0,True,2,11.995970000000002,12.0,0.5,0.0,0.0,0.001,0.0068,1.0,500
revolver,primary,R8 Revolver,Pistols,600.0,300.0,40.0,True,2,11.9958,12.0,0.5,0.0002,0.0002,0.0004,0.0038,1.5,750
revolver,primary,R8 Revolver,Pistols,600.0,300.0,2.5,False,2,1.5832579999999998,1.0,0.5,0.5602,0.8088,0.9988,0.7334,1.0,500
revolver,primary,R8 Revolver,Pistols,600.0,300.0,5.0,False,2,8.450132,9.27,0.5,0.0518,0.112,0.5428,0.1766,1.0,500
revolver,primary,R8 Revolver,Pistols,600.0,300.0,7.5,False,2,11.022234000000001,12.0,0.5,0.008,0.0236,0.1734,0.075,1.0,500
revolver,primary,R8 Revolver,Pistols,600.0,300.0,10.0,False,2,11.608016000000001,12.0,0.5,0.0038,0.0078,0.0708,0.0442,1.0,500
revolver,primary,R8 Revolver,Pistols,600.0,300.0,12.5,False,2,11.82171,12.0,0.5,0.0016,0.004,0.032,0.0282,1.0,500
revolver,primary,R8 Revolver,Pistols,600.0,300.0,15.0,False,2,11.90211,12.0,0.5,0.001,0.0022,0.0176,0.0226,1.0,500
revolver,primary,R8 Revolver,Pistols,600.0,300.0,20.0,False,2,11.969788000000001,12.0,0.5,0.0002,0.0008,0.0058,0.0122,1.0,500
revolver,primary,R8 Revolver,Pistols,600.0,300.0,25.0,False,2,11.983802,12.0,0.5,0.0,0.0,0.0032,0.0064,1.0,500
revolver,primary,R8 Revolver,Pistols,600.0,300.0,30.0,False,2,11.994062,12.0,0.5,0.0,0.0,0.001,0.0052,1.0,500
revolver,primary,R8 Revolver,Pistols,600.0,300.0,40.0,False,2,11.9988,12.0,0.5,0.0,0.0,0.0002,0.0034,3.0,1500
elite,primary,Dual Berettas,Pistols,300.0,300.0,2.5,True,5,0.48,0.48,0.48,1.0,1.0,1.0,1.0,1.0,120
elite,primary,Dual Berettas,Pistols,300.0,300.0,5.0,True,6,0.6,0.6,0.6,1.0,1.0,1.0,1.0,1.0,120
elite,primary,Dual Berettas,Pistols,300.0,300.0,7.5,True,6,0.6044159999999998,0.6,0.6,1.0,1.0,1.0,1.0,1.0,120
elite,primary,Dual Berettas,Pistols,300.0,300.0,10.0,True,6,0.8703599999999998,0.84,0.6,0.7736,0.9954,1.0,1.0,1.0,120
elite,primary,Dual Berettas,Pistols,300.0,300.0,12.5,True,6,1.1651759999999998,1.08,0.6,0.3094,0.9908,1.0,1.0,1.5,180
elite,primary,Dual Berettas,Pistols,300.0,300.0,15.0,True,7,1.8568799999999999,1.68,0.72,0.0,0.7404,1.0,1.0,2.0,240
elite,primary,Dual Berettas,Pistols,300.0,300.0,20.0,True,7,2.986776,2.88,0.72,0.0,0.0,1.0,0.9936,3.0,360
elite,primary,Dual Berettas,Pistols,300.0,300.0,25.0,True,8,5.5501439999999995,5.279999999999999,0.84,0.0,0.0,0.9998,0.8534,4.0,480
elite,primary,Dual Berettas,Pistols,300.0,300.0,30.0,True,8,8.162688000000001,8.16,0.84,0.0,0.0,0.9342,0.6438,4.0,480
elite,primary,Dual Berettas,Pistols,300.0,300.0,40.0,True,10,11.887968,12.0,1.08,0.0,0.0,0.0834,0.3714,4.0,480
elite,primary,Dual Berettas,Pistols,300.0,300.0,2.5,False,3,0.24,0.24,0.24,1.0,1.0,1.0,1.0,1.0,120
elite,primary,Dual Berettas,Pistols,300.0,300.0,5.0,False,3,0.24,0.24,0.24,1.0,1.0,1.0,1.0,1.0,120
elite,primary,Dual Berettas,Pistols,300.0,300.0,7.5,False,4,0.35999999999999993,0.36,0.36,1.0,1.0,1.0,1.0,1.0,120
elite,primary,Dual Berettas,Pistols,300.0,300.0,10.0,False,4,0.43807199999999996,0.36,0.36,0.9926,1.0,1.0,1.0,1.0,120
elite,primary,Dual Berettas,Pistols,300.0,300.0,12.5,False,4,0.641232,0.54,0.36,0.95,0.9992,1.0,1.0,1.5,180
elite,primary,Dual Berettas,Pistols,300.0,300.0,15.0,False,4,0.8726879999999999,0.72,0.36,0.8492,0.9984,1.0,1.0,2.0,240
elite,primary,Dual Berettas,Pistols,300.0,300.0,20.0,False,4,1.4608079999999999,1.44,0.36,0.0,0.8816,1.0,0.9958,3.0,360
elite,primary,Dual Berettas,Pistols,300.0,300.0,25.0,False,5,3.199248,2.88,0.48,0.0,0.1378,1.0,0.851,3.0,360
elite,primary,Dual Berettas,Pistols,300.0,300.0,30.0,False,5,4.83168,4.32,0.48,0.0,0.0232,0.9982,0.6576,4.0,480
elite,primary,Dual Berettas,Pistols,300.0,300.0,40.0,False,6,9.882456,10.44,0.6,0.0,0.0,0.5018,0.3836,3.0,360
fiveseven,primary,Five-SeveN,Pistols,500.0,300.0,2.5,True,4,0.45000000000000007,0.44999999999999996,0.44999999999999996,1.0,1.0,1.0,1.0,1.0,150
fiveseven,primary,Five-SeveN,Pistols,500.0,300.0,5.0,True,4,0.45000000000000007,0.44999999999999996,0.44999999999999996,1.0,1.0,1.0,1.0,1.0,150
fiveseven,primary,Five-SeveN,Pistols,500.0,300.0,7.5,True,4,0.46788000000000013,0.44999999999999996,0.44999999999999996,0.9952,1.0,1.0,1.0,1.0,150
fiveseven,primary,Five-SeveN,Pistols,500.0,300.0,10.0,True,5,1.2141,1.2,0.6,0.0,1.0,1.0,1.0,2.0,300
fiveseven,primary,Five-SeveN,Pistols,500.0,300.0,12.5,True,5,1.6395,1.5,0.6,0.0,0.7956,1.0,1.0,2.0,300
fiveseven,primary,Five-SeveN,Pistols,500.0,300.0,15.0,True,5,2.07864,1.7999999999999998,0.6,0.0,0.5666,1.0,1.0,3.0,450
fiveseven,primary,Five-SeveN,Pistols,500.0,300.0,20.0,True,5,3.7146,3.5999999999999996,0.6,0.0,0.0,1.0,0.8296,4.0,600
fiveseven,primary,Five-SeveN,Pistols,500.0,300.0,25.0,True,6,7.4958,7.199999999999999,0.75,0.0,0.0,0.9284,0.5628,4.0,600
fiveseven,primary,Five-SeveN,Pistols,500.0,300.0,30.0,True,6,10.038720000000001,10.799999999999999,0.75,0.0,0.0,0.58,0.381,4.0,600
fiveseven,primary,Five-SeveN,Pistols,500.0,300.0,40.0,True,7,11.93052,12.0,0.8999999999999999,0.0,0.0,0.0364,0.2172,4.0,600
fiveseven,primary,Five-SeveN,Pistols,500.0,300.0,2.5,False,4,0.45000000000000007,0.44999999999999996,0.44999999999999996,1.0,1.0,1.0,1.0,1.0,150
fiveseven,primary,Five-SeveN,Pistols,500.0,300.0,5.0,False,4,0.45000000000000007,0.44999999999999996,0.44999999999999996,1.0,1.0,1.0,1.0,1.0,150
fiveseven,primary,Five-SeveN,Pistols,500.0,300.0,7.5,False,4,0.4672200000000001,0.44999999999999996,0.44999999999999996,0.9952,1.0,1.0,1.0,1.0,150
fiveseven,primary,Five-SeveN,Pistols,500.0,300.0,10.0,False,4,0.8389359999999999,0.6,0.44999999999999996,0.7566,0.9568,1.0,1.0,1.0,150
fiveseven,primary,Five-SeveN,Pistols,500.0,300.0,12.5,False,4,1.21098,1.2,0.44999999999999996,0.4306,0.9534,1.0,1.0,2.0,300
fiveseven,primary,Five-SeveN,Pistols,500.0,300.0,15.0,False,5,2.07954,1.7999999999999998,0.6,0.0,0.5628,1.0,1.0,3.0,450
fiveseven,primary,Five-SeveN,Pistols,500.0,300.0,20.0,False,5,3.7399199999999997,3.5999999999999996,0.6,0.0,0.0,1.0,0.8342,4.0,600
fiveseven,primary,Five-SeveN,Pistols,500.0,300.0,25.0,False,5,6.22584,6.0,0.6,0.0,0.0,0.9724,0.5572,4.0,600
fiveseven,primary,Five-SeveN,Pistols,500.0,300.0,30.0,False,6,9.95268,10.799999999999999,0.75,0.0,0.0,0.5932,0.386,4.0,600
fiveseven,primary,Five-SeveN,Pistols,500.0,300.0,40.0,False,7,11.9238,12.0,0.8999999999999999,0.0,0.0,0.0376,0.222,4.0,600
glock,primary,Glock-18,Pistols,200.0,300.0,2.5,True,8,1.05,1.05,1.05,0.0,1.0,1.0,1.0,1.0,150
glock,primary,Glock-18,Pistols,200.0,300.0,5.0,True,8,1.0812300000000001,1.05,1.05,0.0,1.0,1.0,1.0,1.0,150
glock,primary,Glock-18,Pistols,200.0,300.0,7.5,True,8,1.5749999999999997,1.5749999999999997,1.05,0.0,1.0,1.0,1.0,1.5,225
glock,primary,Glock-18,Pistols,200.0,300.0,10.0,True,9,2.18727,2.025,1.2,0.0,0.2162,1.0,1.0,1.5,225
glock,primary,Glock-18,Pistols,200.0,300.0,12.5,True,9,2.4305399999999993,2.4,1.2,0.0,0.0,1.0,1.0,2.0,300
glock,primary,Glock-18,Pistols,200.0,300.0,15.0,True,9,2.9686199999999996,3.0,1.2,0.0,0.0,1.0,1.0,2.0,300
glock,primary,Glock-18,Pistols,200.0,300.0,20.0,True,10,4.20381,4.05,1.3499999999999999,0.0,0.0,1.0,1.0,3.0,450
glock,primary,Glock-18,Pistols,200.0,300.0,25.0,True,10,5.429028,5.3999999999999995,1.3499999999999999,0.0,0.0,1.0,0.9824,3.0,450
glock,primary,Glock-18,Pistols,200.0,300.0,30.0,True,11,8.0196,7.8,1.5,0.0,0.0,0.992,0.856,4.0,600
glock,primary,Glock-18,Pistols,200.0,300.0,40.0,True,12,11.76036,12.0,1.65,0.0,0.0,0.158,0.5592,4.0,600
glock,primary,Glock-18,Pistols,200.0,300.0,2.5,False,4,0.45000000000000007,0.44999999999999996,0.44999999999999996,1.0,1.0,1.0,1.0,1.0,150
glock,primary,Glock-18,Pistols,200.0,300.0,5.0,False,4,0.45000000000000007,0.44999999999999996,0.44999999999999996,1.0,1.0,1.0,1.0,1.0,150
glock,primary,Glock-18,Pistols,200.0,300.0,7.5,False,4,0.549784,0.44999999999999996,0.44999999999999996,0.9534,0.9984,1.0,1.0,1.0,150
glock,primary,Glock-18,Pistols,200.0,300.0,10.0,False,4,0.77895,0.6749999999999999,0.44999999999999996,0.9056,1.0,1.0,1.0,1.5,225
glock,primary,Glock-18,Pistols,200.0,300.0,12.5,False,4,0.9087000000000002,0.8999999999999999,0.44999999999999996,0.9712,1.0,1.0,1.0,2.0,300
glock,primary,Glock-18,Pistols,200.0,300.0,15.0,False,5,1.4691,1.5,0.6,0.0,0.913,1.0,1.0,2.0,300
glock,primary,Glock-18,Pistols,200.0,300.0,20.0,False,5,1.8636300000000003,1.7999999999999998,0.6,0.0,0.8702,1.0,1.0,3.0,450
glock,primary,Glock-18,Pistols,200.0,300.0,25.0,False,5,2.4258599999999997,2.25,0.6,0.0,0.2994,1.0,0.98,3.0,450
glock,primary,Glock-18,Pistols,200.0,300.0,30.0,False,5,3.2764799999999994,3.0,0.6,0.0,0.0,1.0,0.869,4.0,600
glock,primary,Glock-18,Pistols,200.0,300.0,40.0,False,6,7.16052,6.8999999999999995,0.75,0.0,0.0,0.9534,0.554,4.0,600
hkp2000,primary,P2000,Pistols,200.0,300.0,2.5,True,6,0.8499999999999999,0.8500000000000001,0.8500000000000001,1.0,1.0,1.0,1.0,1.0,170
hkp2000,primary,P2000,Pistols,200.0,300.0,5.0,True,6,0.8499999999999999,0.8500000000000001,0.8500000000000001,1.0,1.0,1.0,1.0,1.0,170
hkp2000,primary,P2000,Pistols,200.0,300.0,7.5,True,6,1.2750000000000001,1.275,0.8500000000000001,0.0,1.0,1.0,1.0,1.5,255
hkp2000,primary,P2000,Pistols,200.0,300.0,10.0,True,7,1.5542759999999998,1.53,1.02,0.0,0.9956,1.0,1.0,1.5,255
hkp2000,primary,P2000,Pistols,200.0,300.0,12.5,True,7,2.039999999999999,2.04,1.02,0.0,0.0,1.0,1.0,2.0,340
hkp2000,primary,P2000,Pistols,200.0,300.0,15.0,True,7,2.1150719999999996,2.04,1.02,0.0,0.0,1.0,1.0,2.0,340
hkp2000,primary,P2000,Pistols,200.0,300.0,20.0,True,7,3.0613259999999993,3.06,1.02,0.0,0.0,1.0,1.0,3.0,510
hkp2000,primary,P2000,Pistols,200.0,300.0,25.0,True,7,3.4416279999999997,3.5700000000000003,1.02,0.0,0.0,1.0,0.9996,3.0,510
hkp2000,primary,P2000,Pistols,200.0,300.0,30.0,True,8,5.460857999999999,5.1,1.1900000000000002,0.0,0.0,0.999,0.941,3.0,510
hkp2000,primary,P2000,Pistols,200.0,300.0,40.0,True,8,8.975558,8.16,1.1900000000000002,0.0,0.0,0.8066,0.712,4.0,680
hkp2000,primary,P2000,Pistols,200.0,300.0,2.5,False,3,0.33999999999999997,0.34,0.34,1.0,1.0,1.0,1.0,1.0,170
hkp2000,primary,P2000,Pistols,200.0,300.0,5.0,False,3,0.33999999999999997,0.34,0.34,1.0,1.0,1.0,1.0,1.0,170
hkp2000,primary,P2000,Pistols,200.0,300.0,7.5,False,4,0.686836,0.68,0.51,0.867,0.9988,1.0,1.0,1.0,170
hkp2000,primary,P2000,Pistols,200.0,300.0,10.0,False,4,0.7720889999999999,0.765,0.51,0.9726,1.0,1.0,1.0,1.5,255
hkp2000,primary,P2000,Pistols,200.0,300.0,12.5,False,4,1.0090860000000001,1.02,0.51,0.455,0.986,1.0,1.0,1.5,255
hkp2000,primary,P2000,Pistols,200.0,300.0,15.0,False,4,1.0555639999999997,1.02,0.51,0.0,0.9994,1.0,1.0,2.0,340
hkp2000,primary,P2000,Pistols,200.0,300.0,20.0,False,4,1.5302039999999997,1.53,0.51,0.0,0.9996,1.0,1.0,3.0,510
hkp2000,primary,P2000,Pistols,200.0,300.0,25.0,False,4,1.7243099999999998,1.53,0.51,0.0,0.6992,1.0,1.0,3.0,510
hkp2000,primary,P2000,Pistols,200.0,300.0,30.0,False,4,2.231954,2.04,0.51,0.0,0.3228,1.0,0.9474,3.0,510
hkp2000,primary,P2000,Pistols,200.0,300.0,40.0,False,4,3.8136619999999994,3.4000000000000004,0.51,0.0,0.0,0.9982,0.6794,4.0,680
usp_silencer,primary,USP-S,Pistols,200.0,300.0,2.5,True,6,0.8499999999999999,0.8500000000000001,0.8500000000000001,1.0,1.0,1.0,1.0,1.0,170
usp_silencer,primary,USP-S,Pistols,200.0,300.0,5.0,True,6,0.8499999999999999,0.8500000000000001,0.8500000000000001,1.0,1.0,1.0,1.0,1.0,170
usp_silencer,primary,USP-S,Pistols,200.0,300.0,7.5,True,6,1.2750000000000001,1.275,0.8500000000000001,0.0,1.0,1.0,1.0,1.5,255
usp_silencer,primary,USP-S,Pistols,200.0,300.0,10.0,True,7,1.5299999999999996,1.53,1.02,0.0,1.0,1.0,1.0,1.5,255
usp_silencer,primary,USP-S,Pistols,200.0,300.0,12.5,True,7,1.6963620000000004,1.53,1.02,0.0,0.8516,1.0,1.0,1.5,255
usp_silencer,primary,USP-S,Pistols,200.0,300.0,15.0,True,7,2.039999999999999,2.04,1.02,0.0,0.0,1.0,1.0,2.0,340
usp_silencer,primary,USP-S,Pistols,200.0,300.0,20.0,True,7,2.3647299999999998,2.3800000000000003,1.02,0.0,0.0,1.0,1.0,2.0,340
usp_silencer,primary,USP-S,Pistols,200.0,300.0,25.0,True,7,3.0959039999999995,3.06,1.02,0.0,0.0,1.0,1.0,3.0,510
usp_silencer,primary,USP-S,Pistols,200.0,300.0,30.0,True,8,4.043854,4.08,1.1900000000000002,0.0,0.0,1.0,0.9838,3.0,510
usp_silencer,primary,USP-S,Pistols,200.0,300.0,40.0,True,8,6.5908,5.61,1.1900000000000002,0.0,0.0,0.9948,0.7986,3.0,510
usp_silencer,primary,USP-S,Pistols,200.0,300.0,2.5,False,3,0.33999999999999997,0.34,0.34,1.0,1.0,1.0,1.0,1.0,170
usp_silencer,primary,USP-S,Pistols,200.0,300.0,5.0,False,3,0.33999999999999997,0.34,0.34,1.0,1.0,1.0,1.0,1.0,170
usp_silencer,primary,USP-S,Pistols,200.0,300.0,7.5,False,4,0.6773759999999999,0.68,0.51,0.8858,0.999,1.0,1.0,1.0,170
usp_silencer,primary,USP-S,Pistols,200.0,300.0,10.0,False,4,0.7649999999999998,0.765,0.51,1.0,1.0,1.0,1.0,1.5,255
usp_silencer,primary,USP-S,Pistols,200.0,300.0,12.5,False,4,0.8371649999999999,0.765,0.51,0.7698,0.9998,1.0,1.0,1.5,255
usp_silencer,primary,USP-S,Pistols,200.0,300.0,15.0,False,4,1.0199999999999996,1.02,0.51,0.0,1.0,1.0,1.0,2.0,340
usp_silencer,primary,USP-S,Pistols,200.0,300.0,20.0,False,4,1.1799359999999999,1.02,0.51,0.0,0.977,1.0,1.0,2.0,340
usp_silencer,primary,USP-S,Pistols,200.0,300.0,25.0,False,4,1.5491759999999997,1.53,0.51,0.0,0.9636,1.0,1.0,3.0,510
usp_silencer,primary,USP-S,Pistols,200.0,300.0,30.0,False,4,1.7257379999999998,1.53,0.51,0.0,0.699,1.0,0.984,3.0,510
usp_silencer,primary,USP-S,Pistols,200.0,300.0,40.0,False,4,2.591456,2.55,0.51,0.0,0.2066,1.0,0.8,3.0,510
p250,primary,P250,Pistols,300.0,300.0,2.5,True,5,0.6,0.6,0.6,1.0,1.0,1.0,1.0,1.0,150
p250,primary,P250,Pistols,300.0,300.0,5.0,True,5,0.7069799999999999,0.6,0.6,0.9362,1.0,1.0,1.0,1.0,150
p250,primary,P250,Pistols,300.0,300.0,7.5,True,5,0.9757800000000001,0.8999999999999999,0.6,0.732,0.9998,1.0,1.0,1.5,225
p250,primary,P250,Pistols,300.0,300.0,10.0,True,5,1.2654599999999998,1.2,0.6,0.0,0.9964,1.0,1.0,2.0,300
p250,primary,P250,Pistols,300.0,300.0,12.5,True,5,1.8006300000000004,1.7999999999999998,0.6,0.0,0.9986,1.0,1.0,3.0,450
p250,primary,P250,Pistols,300.0,300.0,15.0,True,5,2.03526,1.7999999999999998,0.6,0.0,0.6104,1.0,1.0,3.0,450
p250,primary,P250,Pistols,300.0,300.0,20.0,True,5,3.5153799999999995,3.5999999999999996,0.6,0.0,0.0,1.0,0.8342,4.0,600
p250,primary,P250,Pistols,300.0,300.0,25.0,True,6,7.801507999999998,6.6,0.75,0.0,0.0,0.8868,0.5496,4.0,600
p250,primary,P250,Pistols,300.0,300.0,30.0,True,6,10.468755999999999,12.0,0.75,0.0,0.0,0.4936,0.3868,4.0,600
p250,primary,P250,Pistols,300.0,300.0,40.0,True,6,11.841738000000001,12.0,0.75,0.0,0.0,0.0724,0.2102,4.0,600
p250,primary,P250,Pistols,300.0,300.0,2.5,False,3,0.3,0.3,0.3,1.0,1.0,1.0,1.0,1.0,150
p250,primary,P250,Pistols,300.0,300.0,5.0,False,3,0.31647,0.3,0.3,1.0,1.0,1.0,1.0,1.0,150
p250,primary,P250,Pistols,300.0,300.0,7.5,False,3,0.46606500000000006,0.44999999999999996,0.3,0.999,1.0,1.0,1.0,1.5,225
p250,primary,P250,Pistols,300.0,300.0,10.0,False,3,0.6245999999999999,0.6,0.3,0.995,1.0,1.0,1.0,2.0,300
p250,primary,P250,Pistols,300.0,300.0,12.5,False,3,0.9003600000000003,0.8999999999999999,0.3,0.9992,1.0,1.0,1.0,3.0,450
p250,primary,P250,Pistols,300.0,300.0,15.0,False,3,1.0179900000000002,0.8999999999999999,0.3,0.7826,0.9938,1.0,1.0,3.0,450
p250,primary,P250,Pistols,300.0,300.0,20.0,False,4,2.697736,2.4,0.44999999999999996,0.0,0.2974,1.0,0.8266,4.0,600
p250,primary,P250,Pistols,300.0,300.0,25.0,False,4,4.691356,4.2,0.44999999999999996,0.0,0.0542,0.9854,0.5584,4.0,600
p250,primary,P250,Pistols,300.0,300.0,30.0,False,4,7.235144,6.6,0.44999999999999996,0.0,0.0152,0.8456,0.3976,4.0,600
p250,primary,P250,Pistols,300.0,300.0,40.0,False,4,10.57415,12.0,0.44999999999999996,0.0,0.0018,0.3762,0.2188,4.0,600
cz75a,primary,CZ75-Auto,Pistols,500.0,300.0,2.5,True,5,0.39999999999999997,0.4,0.4,1.0,1.0,1.0,1.0,1.0,100
cz75a,primary,CZ75-Auto,Pistols,500.0,300.0,5.0,True,5,0.40219999999999995,0.4,0.4,1.0,1.0,1.0,1.0,1.0,100
cz75a,primary,CZ75-Auto,Pistols,500.0,300.0,7.5,True,5,0.69435,0.6000000000000001,0.4,0.9542,1.0,1.0,1.0,1.5,150
cz75a,primary,CZ75-Auto,Pistols,500.0,300.0,10.0,True,5,0.98692,1.0,0.4,0.752,0.9992,1.0,1.0,2.0,200
cz75a,primary,CZ75-Auto,Pistols,500.0,300.0,12.5,True,5,1.3436400000000002,1.2000000000000002,0.4,0.0,0.9796,1.0,1.0,3.0,300
cz75a,primary,CZ75-Auto,Pistols,500.0,300.0,15.0,True,6,2.365772,2.1000000000000005,0.5,0.0,0.3422,1.0,0.9472,3.0,300
cz75a,primary,CZ75-Auto,Pistols,500.0,300.0,20.0,True,6,5.082374000000001,4.0,0.5,0.0,0.022,0.9988,0.6496,4.0,400
cz75a,primary,CZ75-Auto,Pistols,500.0,300.0,25.0,True,6,8.765548,9.23,0.5,0.0,0.001,0.839,0.4176,4.0,400
cz75a,primary,CZ75-Auto,Pistols,500.0,300.0,30.0,True,7,11.416544,12.0,0.6000000000000001,0.0,0.0,0.287,0.2894,4.0,400
cz75a,primary,CZ75-Auto,Pistols,500.0,300.0,40.0,True,7,11.969170000000002,12.0,0.6000000000000001,0.0,0.0,0.023,0.1746,4.0,400
cz75a,primary,CZ75-Auto,Pistols,500.0,300.0,2.5,False,4,0.3,0.30000000000000004,0.30000000000000004,1.0,1.0,1.0,1.0,1.0,100
cz75a,primary,CZ75-Auto,Pistols,500.0,300.0,5.0,False,4,0.3,0.30000000000000004,0.30000000000000004,1.0,1.0,1.0,1.0,1.0,100
cz75a,primary,CZ75-Auto,Pistols,500.0,300.0,7.5,False,4,0.5064900000000001,0.45000000000000007,0.30000000000000004,0.995,1.0,1.0,1.0,1.5,150
cz75a,primary,CZ75-Auto,Pistols,500.0,300.0,10.0,False,4,0.730046,0.6000000000000001,0.30000000000000004,0.9508,0.9998,1.0,1.0,2.0,200
cz75a,primary,CZ75-Auto,Pistols,500.0,300.0,12.5,False,4,1.0107000000000002,0.9000000000000001,0.30000000000000004,0.709,0.999,1.0,1.0,3.0,300
cz75a,primary,CZ75-Auto,Pistols,500.0,300.0,15.0,False,4,1.3667840000000002,1.2000000000000002,0.30000000000000004,0.286,0.8894,1.0,0.9468,3.0,300
cz75a,primary,CZ75-Auto,Pistols,500.0,300.0,20.0,False,5,3.7529480000000004,3.2,0.4,0.0,0.154,0.9992,0.6606,4.0,400
cz75a,primary,CZ75-Auto,Pistols,500.0,300.0,25.0,False,5,7.211712000000001,8.030000000000001,0.4,0.0,0.0194,0.9262,0.4246,4.0,400
cz75a,primary,CZ75-Auto,Pistols,500.0,300.0,30.0,False,5,9.789667999999999,10.430000000000001,0.4,0.0,0.0028,0.6352,0.2816,4.0,400
cz75a,primary,CZ75-Auto,Pistols,500.0,300.0,40.0,False,6,11.855706,12.0,0.5,0.0,0.0002,0.0728,0.1696,4.0,400
tec9,primary,Tec-9,Pistols,500.0,300.0,2.5,True,4,0.35999999999999993,0.36,0.36,1.0,1.0,1.0,1.0,1.0,120
tec9,primary,Tec-9,Pistols,500.0,300.0,5.0,True,4,0.49378599999999995,0.48,0.36,0.9756,0.9998,1.0,1.0,1.0,120
tec9,primary,Tec-9,Pistols,500.0,300.0,7.5,True,4,0.7016039999999999,0.54,0.36,0.8964,0.9994,1.0,1.0,1.5,180
tec9,primary,Tec-9,Pistols,500.0,300.0,10.0,True,5,1.144608,0.96,0.48,0.511,0.9928,1.0,1.0,2.0,240
tec9,primary,Tec-9,Pistols,500.0,300.0,12.5,True,5,1.4399999999999997,1.44,0.48,0.0,1.0,1.0,1.0,3.0,360
tec9,primary,Tec-9,Pistols,500.0,300.0,15.0,True,5,1.5042239999999998,1.44,0.48,0.0,0.9832,1.0,1.0,3.0,360
tec9,primary,Tec-9,Pistols,500.0,300.0,20.0,True,5,1.9869119999999998,1.92,0.48,0.0,0.8734,1.0,1.0,4.0,480
tec9,primary,Tec-9,Pistols,500.0,300.0,25.0,True,6,3.1715519999999997,2.88,0.6,0.0,0.0,1.0,0.9998,4.0,480
tec9,primary,Tec-9,Pistols,500.0,300.0,30.0,True,6,4.207104000000001,4.32,0.6,0.0,0.0,1.0,0.9416,6.0,720
tec9,primary,Tec-9,Pistols,500.0,300.0,40.0,True,8,8.956895999999999,8.64,0.84,0.0,0.0,0.878,0.6944,6.0,720
tec9,primary,Tec-9,Pistols,500.0,300.0,2.5,False,4,0.35999999999999993,0.36,0.36,1.0,1.0,1.0,1.0,1.0,120
tec9,primary,Tec-9,Pistols,500.0,300.0,5.0,False,4,0.49583999999999995,0.48,0.36,0.975,1.0,1.0,1.0,1.0,120
tec9,primary,Tec-9,Pistols,500.0,300.0,7.5,False,4,0.702504,0.54,0.36,0.899,0.9992,1.0,1.0,1.5,180
tec9,primary,Tec-9,Pistols,500.0,300.0,10.0,False,4,0.8363999999999998,0.72,0.36,0.8954,0.9992,1.0,1.0,2.0,240
tec9,primary,Tec-9,Pistols,500.0,300.0,12.5,False,4,1.08,1.08,0.36,0.0,1.0,1.0,1.0,3.0,360
tec9,primary,Tec-9,Pistols,500.0,300.0,15.0,False,5,1.5027119999999998,1.44,0.48,0.0,0.9832,1.0,1.0,3.0,360
tec9,primary,Tec-9,Pistols,500.0,300.0,20.0,False,5,1.9849919999999999,1.92,0.48,0.0,0.8782,1.0,1.0,4.0,480
tec9,primary,Tec-9,Pistols,500.0,300.0,25.0,False,5,2.5382399999999996,2.4,0.48,0.0,0.337,1.0,1.0,4.0,480
tec9,primary,Tec-9,Pistols,500.0,300.0,30.0,False,6,4.191408,4.32,0.6,0.0,0.0,1.0,0.9432,6.0,720
tec9,primary,Tec-9,Pistols,500.0,300.0,40.0,False,7,7.853808,7.92,0.72,0.0,0.0,0.9504,0.6964,6.0,720
mag7,primary,MAG-7,Shotguns,1300.0,900.0,2.5,True,6,0.0,0.0,0.0,1.0,1.0,1.0,1.0,1.0,850
mag7,primary,MAG-7,Shotguns,1300.0,900.0,5.0,True,7,0.59619,0.85,0.0,0.9942,1.0,1.0,1.0,1.0,850
mag7,primary,MAG-7,Shotguns,1300.0,900.0,7.5,True,8,2.2319579999999997,1.7,0.0,0.108,0.5222,1.0,0.9622,1.0,850
mag7,primary,MAG-7,Shotguns,1300.0,900.0,10.0,True,9,6.583714,6.720000000000001,0.85,0.001,0.0192,0.9642,0.7886,1.0,850
mag7,primary,MAG-7,Shotguns,1300.0,900.0,12.5,True,10,10.563864,12.0,0.85,0.0,0.0004,0.44,0.633,1.0,850
mag7,primary,MAG-7,Shotguns,1300.0,900.0,15.0,True,12,11.93019,12.0,0.85,0.0,0.0,0.028,0.4848,1.0,850
mag7,primary,MAG-7,Shotguns,1300.0,900.0,20.0,True,16,12.0,12.0,0.85,0.0,0.0,0.0,0.3056,1.0,850
mag7,primary,MAG-7,Shotguns,1300.0,900.0,25.0,True,22,12.0,12.0,1.7,0.0,0.0,0.0,0.204,1.0,850
mag7,primary,MAG-7,Shotguns,1300.0,900.0,30.0,True,30,12.0,12.0,2.55,0.0,0.0,0.0,0.1444,1.0,850
mag7,primary,MAG-7,Shotguns,1300.0,900.0,40.0,True,55,12.0,12.0,7.57,0.0,0.0,0.0,0.082,1.0,850
mag7,primary,MAG-7,Shotguns,1300.0,900.0,2.5,False,4,0.0,0.0,0.0,1.0,1.0,1.0,1.0,1.0,850
mag7,primary,MAG-7,Shotguns,1300.0,900.0,5.0,False,5,0.13634000000000002,0.0,0.0,0.9998,1.0,1.0,1.0,1.0,850
mag7,primary,MAG-7,Shotguns,1300.0,900.0,7.5,False,6,1.543694,1.7,0.0,0.3942,0.8286,1.0,0.9586,1.0,850
mag7,primary,MAG-7,Shotguns,1300.0,900.0,10.0,False,7,4.646294,3.4,0.0,0.0154,0.1254,0.993,0.795,1.0,850
mag7,primary,MAG-7,Shotguns,1300.0,900.0,12.5,False,8,9.004274,9.27,0.0,0.0006,0.0046,0.7254,0.63,1.0,850
mag7,primary,MAG-7,Shotguns,1300.0,900.0,15.0,False,9,11.424733999999999,12.0,0.85,0.0,0.0,0.1882,0.494,1.0,850
mag7,primary,MAG-7,Shotguns,1300.0,900.0,20.0,False,12,12.0,12.0,0.85,0.0,0.0,0.0,0.308,1.0,850
mag7,primary,MAG-7,Shotguns,1300.0,900.0,25.0,False,17,12.0,12.0,1.7,0.0,0.0,0.0,0.2136,1.0,850
mag7,primary,MAG-7,Shotguns,1300.0,900.0,30.0,False,22,12.0,12.0,1.7,0.0,0.0,0.0,0.1594,1.0,850
mag7,primary,MAG-7,Shotguns,1300.0,900.0,40.0,False,42,12.0,12.0,6.720000000000001,0.0,0.0,0.0,0.0882,1.0,850
nova,primary,Nova,Shotguns,1050.0,900.0,2.5,True,9,0.0,0.0,0.0,1.0,1.0,1.0,1.0,1.0,880
nova,primary,Nova,Shotguns,1050.0,900.0,5.0,True,9,0.840576,0.88,0.0,0.9898,1.0,1.0,1.0,1.0,880
nova,primary,Nova,Shotguns,1050.0,900.0,7.5,True,10,2.567136000000001,2.64,0.88,0.0332,0.355,1.0,0.97,1.0,880
nova,primary,Nova,Shotguns,1050.0,900.0,10.0,True,11,6.3863080000000005,5.28,0.88,0.0,0.006,0.8936,0.8354,1.0,880
nova,primary,Nova,Shotguns,1050.0,900.0,12.5,True,11,10.551224,12.0,0.88,0.0,0.0,0.3368,0.6724,1.0,880
nova,primary,Nova,Shotguns,1050.0,900.0,15.0,True,12,11.923032000000001,12.0,0.88,0.0,0.0,0.0278,0.5316,1.0,880
nova,primary,Nova,Shotguns,1050.0,900.0,20.0,True,14,12.0,12.0,0.88,0.0,0.0,0.0,0.338,1.0,880
nova,primary,Nova,Shotguns,1050.0,900.0,25.0,True,16,12.0,12.0,0.88,0.0,0.0,0.0,0.2278,1.0,880
nova,primary,Nova,Shotguns,1050.0,900.0,30.0,True,18,12.0,12.0,0.88,0.0,0.0,0.0,0.1728,1.0,880
nova,primary,Nova,Shotguns,1050.0,900.0,40.0,True,24,12.0,12.0,1.76,0.0,0.0,0.0,0.0922,1.0,880
nova,primary,Nova,Shotguns,1050.0,900.0,2.5,False,5,0.0,0.0,0.0,1.0,1.0,1.0,1.0,1.0,880
nova,primary,Nova,Shotguns,1050.0,900.0,5.0,False,5,0.066176,0.0,0.0,1.0,1.0,1.0,1.0,1.0,880
nova,primary,Nova,Shotguns,1050.0,900.0,7.5,False,5,1.051248,0.88,0.0,0.7292,0.9546,1.0,0.971,1.0,880
nova,primary,Nova,Shotguns,1050.0,900.0,10.0,False,6,2.798144,2.64,0.0,0.0898,0.3526,0.998,0.8382,1.0,880
nova,primary,Nova,Shotguns,1050.0,900.0,12.5,False,6,5.134152,4.4,0.0,0.012,0.0798,0.918,0.6646,1.0,880
nova,primary,Nova,Shotguns,1050.0,900.0,15.0,False,6,8.058164,6.16,0.0,0.0016,0.018,0.6546,0.5384,1.0,880
nova,primary,Nova,Shotguns,1050.0,900.0,20.0,False,7,11.701964,12.0,0.0,0.0,0.0,0.076,0.326,1.0,880
nova,primary,Nova,Shotguns,1050.0,900.0,25.0,False,8,11.990504000000001,12.0,0.0,0.0,0.0,0.0026,0.2374,1.0,880
nova,primary,Nova,Shotguns,1050.0,900.0,30.0,False,9,12.0,12.0,0.0,0.0,0.0,0.0,0.163,1.0,880
nova,primary,Nova,Shotguns,1050.0,900.0,40.0,False,12,12.0,12.0,0.88,0.0,0.0,0.0,0.095,1.0,880
sawedoff,primary,Sawed-Off,Shotguns,1100.0,900.0,2.5,True,5,0.0,0.0,0.0,1.0,1.0,1.0,1.0,1.0,850
sawedoff,primary,Sawed-Off,Shotguns,1100.0,900.0,5.0,True,6,1.641514,1.7,0.0,0.339,0.7794,1.0,0.9418,1.0,850
sawedoff,primary,Sawed-Off,Shotguns,1100.0,900.0,7.5,True,7,6.45357,5.1,0.0,0.0032,0.0344,0.9306,0.6856,1.0,850
sawedoff,primary,Sawed-Off,Shotguns,1100.0,900.0,10.0,True,8,11.396184,12.0,0.0,0.0,0.0004,0.2604,0.462,1.0,850
sawedoff,primary,Sawed-Off,Shotguns,1100.0,900.0,12.5,True,10,11.988438,12.0,0.85,0.0,0.0,0.0094,0.3336,1.0,850
sawedoff,primary,Sawed-Off,Shotguns,1100.0,900.0,15.0,True,11,12.0,12.0,0.85,0.0,0.0,0.0,0.229,1.0,850
sawedoff,primary,Sawed-Off,Shotguns,1100.0,900.0,20.0,True,15,12.0,12.0,0.85,0.0,0.0,0.0,0.1384,1.0,850
sawedoff,primary,Sawed-Off,Shotguns,1100.0,900.0,25.0,True,21,12.0,12.0,1.7,0.0,0.0,0.0,0.0918,1.0,850
sawedoff,primary,Sawed-Off,Shotguns,1100.0,900.0,30.0,True,28,12.0,12.0,2.55,0.0,0.0,0.0,0.0674,1.0,850
sawedoff,primary,Sawed-Off,Shotguns,1100.0,900.0,40.0,True,52,12.0,12.0,5.1,0.0,0.0,0.0,0.041,1.0,850
sawedoff,primary,Sawed-Off,Shotguns,1100.0,900.0,2.5,False,4,0.0,0.0,0.0,1.0,1.0,1.0,1.0,1.0,850
sawedoff,primary,Sawed-Off,Shotguns,1100.0,900.0,5.0,False,5,1.2908099999999998,0.85,0.0,0.5544,0.8932,1.0,0.9492,1.0,850
sawedoff,primary,Sawed-Off,Shotguns,1100.0,900.0,7.5,False,6,5.115294,4.25,0.0,0.0152,0.0934,0.963,0.6874,1.0,850
sawedoff,primary,Sawed-Off,Shotguns,1100.0,900.0,10.0,False,6,9.820648,11.87,0.0,0.0008,0.0076,0.5676,0.459,1.0,850
sawedoff,primary,Sawed-Off,Shotguns,1100.0,900.0,12.5,False,7,11.801934,12.0,0.0,0.0,0.0,0.0896,0.318,1.0,850
sawedoff,primary,Sawed-Off,Shotguns,1100.0,900.0,15.0,False,9,11.999673999999999,12.0,0.85,0.0,0.0,0.0012,0.2354,1.0,850
sawedoff,primary,Sawed-Off,Shotguns,1100.0,900.0,20.0,False,11,12.0,12.0,0.85,0.0,0.0,0.0,0.1338,1.0,850
sawedoff,primary,Sawed-Off,Shotguns,1100.0,900.0,25.0,False,16,12.0,12.0,0.85,0.0,0.0,0.0,0.0906,1.0,850
sawedoff,primary,Sawed-Off,Shotguns,1100.0,900.0,30.0,False,21,12.0,12.0,1.7,0.0,0.0,0.0,0.0628,1.0,850
sawedoff,primary,Sawed-Off,Shotguns,1100.0,900.0,40.0,False,39,12.0,12.0,3.4,0.0,0.0,0.0,0.0398,1.0,850
xm1014,primary,XM1014,Shotguns,2000.0,600.0,2.5,True,7,0.35000000000000003,0.35,0.35,1.0,1.0,1.0,1.0,1.0,350
xm1014,primary,XM1014,Shotguns,2000.0,600.0,5.0,True,8,0.38227000000000005,0.35,0.35,0.9998,1.0,1.0,1.0,1.0,350
xm1014,primary,XM1014,Shotguns,2000.0,600.0,7.5,True,8,1.1265599999999998,1.0499999999999998,0.35,0.2992,0.9734,1.0,0.9286,1.0,350
xm1014,primary,XM1014,Shotguns,2000.0,600.0,10.0,True,9,4.679202,6.67,0.35,0.0048,0.2864,0.9924,0.7322,1.0,350
xm1014,primary,XM1014,Shotguns,2000.0,600.0,12.5,True,9,8.250914,8.07,0.35,0.0,0.0372,0.767,0.5734,1.0,350
xm1014,primary,XM1014,Shotguns,2000.0,600.0,15.0,True,10,11.129229999999998,12.0,0.35,0.0,0.0016,0.22,0.4326,1.0,350
xm1014,primary,XM1014,Shotguns,2000.0,600.0,20.0,True,11,11.985976,12.0,0.35,0.0,0.0,0.0038,0.284,1.0,350
xm1014,primary,XM1014,Shotguns,2000.0,600.0,25.0,True,13,12.0,12.0,0.7,0.0,0.0,0.0,0.176,1.0,350
xm1014,primary,XM1014,Shotguns,2000.0,600.0,30.0,True,15,12.0,12.0,0.7,0.0,0.0,0.0,0.1216,1.0,350
xm1014,primary,XM1014,Shotguns,2000.0,600.0,40.0,True,20,12.0,12.0,1.0499999999999998,0.0,0.0,0.0,0.0682,1.0,350
xm1014,primary,XM1014,Shotguns,2000.0,600.0,2.5,False,6,0.0,0.0,0.0,1.0,1.0,1.0,1.0,1.0,350
xm1014,primary,XM1014,Shotguns,2000.0,600.0,5.0,False,6,0.26439,0.35,0.0,1.0,1.0,1.0,1.0,1.0,350
xm1014,primary,XM1014,Shotguns,2000.0,600.0,7.5,False,7,0.9686539999999997,1.0499999999999998,0.35,0.4626,0.9866,1.0,0.9236,1.0,350
xm1014,primary,XM1014,Shotguns,2000.0,600.0,10.0,False,7,2.861728,1.75,0.35,0.0498,0.5944,0.9992,0.7302,1.0,350
xm1014,primary,XM1014,Shotguns,2000.0,600.0,12.5,False,8,7.313332000000001,7.37,0.35,0.002,0.085,0.8496,0.5538,1.0,350
xm1014,primary,XM1014,Shotguns,2000.0,600.0,15.0,False,8,9.861958,12.0,0.35,0.0,0.0104,0.4814,0.4234,1.0,350
xm1014,primary,XM1014,Shotguns,2000.0,600.0,20.0,False,9,11.911294,12.0,0.35,0.0,0.0004,0.0228,0.2678,1.0,350
xm1014,primary,XM1014,Shotguns,2000.0,600.0,25.0,False,11,11.998498000000001,12.0,0.35,0.0,0.0,0.0004,0.1786,1.0,350
xm1014,primary,XM1014,Shotguns,2000.0,600.0,30.0,False,12,12.0,12.0,0.35,0.0,0.0,0.0,0.131,1.0,350
xm1014,primary,XM1014,Shotguns,2000.0,600.0,40.0,False,16,12.0,12.0,0.7,0.0,0.0,0.0,0.08,1.0,350
bizon,primary,PP-Bizon,SMGs,1300.0,600.0,2.5,True,7,0.48,0.48,0.48,1.0,1.0,1.0,1.0,1.0,80
bizon,primary,PP-Bizon,SMGs,1300.0,600.0,5.0,True,7,0.48,0.48,0.48,1.0,1.0,1.0,1.0,1.0,80
bizon,primary,PP-Bizon,SMGs,1300.0,600.0,7.5,True,7,0.48,0.48,0.48,1.0,1.0,1.0,1.0,1.0,80
bizon,primary,PP-Bizon,SMGs,1300.0,600.0,10.0,True,8,0.5909280000000001,0.56,0.56,1.0,1.0,1.0,1.0,1.0,80
bizon,primary,PP-Bizon,SMGs,1300.0,600.0,12.5,True,8,0.9252799999999999,0.88,0.56,0.6754,0.9996,1.0,0.9338,1.0,80
bizon,primary,PP-Bizon,SMGs,1300.0,600.0,15.0,True,8,1.409584,1.36,0.56,0.1566,0.9182,1.0,0.662,1.0,80
bizon,primary,PP-Bizon,SMGs,1300.0,600.0,20.0,True,9,3.0662599999999998,2.88,0.64,0.001,0.1378,1.0,0.374,1.0,80
bizon,primary,PP-Bizon,SMGs,1300.0,600.0,25.0,True,10,6.578740000000001,7.550000000000001,0.72,0.0002,0.0014,0.9906,0.2398,1.0,80
bizon,primary,PP-Bizon,SMGs,1300.0,600.0,30.0,True,10,9.487522,9.870000000000001,0.72,0.0,0.0,0.7982,0.171,1.0,80
bizon,primary,PP-Bizon,SMGs,1300.0,600.0,40.0,True,12,11.94535,12.0,0.88,0.0,0.0,0.0438,0.092,1.0,80
bizon,primary,PP-Bizon,SMGs,1300.0,600.0,2.5,False,4,0.24,0.24,0.24,1.0,1.0,1.0,1.0,1.0,80
bizon,primary,PP-Bizon,SMGs,1300.0,600.0,5.0,False,5,0.32,0.32,0.32,1.0,1.0,1.0,1.0,1.0,80
bizon,primary,PP-Bizon,SMGs,1300.0,600.0,7.5,False,5,0.32,0.32,0.32,1.0,1.0,1.0,1.0,1.0,80
bizon,primary,PP-Bizon,SMGs,1300.0,600.0,10.0,False,5,0.32843199999999995,0.32,0.32,1.0,1.0,1.0,1.0,1.0,80
bizon,primary,PP-Bizon,SMGs,1300.0,600.0,12.5,False,5,0.5139040000000001,0.48,0.32,0.9858,1.0,1.0,0.9296,1.0,80
bizon,primary,PP-Bizon,SMGs,1300.0,600.0,15.0,False,5,0.8115680000000001,0.72,0.32,0.7506,0.9974,1.0,0.6722,1.0,80
bizon,primary,PP-Bizon,SMGs,1300.0,600.0,20.0,False,6,1.9284279999999998,1.84,0.4,0.0768,0.618,1.0,0.3768,1.0,80
bizon,primary,PP-Bizon,SMGs,1300.0,600.0,25.0,False,6,3.330104,2.96,0.4,0.011,0.1896,0.9998,0.2396,1.0,80
bizon,primary,PP-Bizon,SMGs,1300.0,600.0,30.0,False,7,6.646242000000001,7.630000000000001,0.48,0.0,0.0148,0.963,0.1586,1.0,80
bizon,primary,PP-Bizon,SMGs,1300.0,600.0,40.0,False,8,11.085251999999999,12.0,0.56,0.0,0.0002,0.3928,0.091,1.0,80
mac10,primary,MAC-10,SMGs,1050.0,600.0,2.5,True,7,0.45000000000000007,0.44999999999999996,0.44999999999999996,1.0,1.0,1.0,1.0,1.0,75
mac10,primary,MAC-10,SMGs,1050.0,600.0,5.0,True,7,0.45000000000000007,0.44999999999999996,0.44999999999999996,1.0,1.0,1.0,1.0,1.0,75
mac10,primary,MAC-10,SMGs,1050.0,600.0,7.5,True,7,0.45000000000000007,0.44999999999999996,0.44999999999999996,1.0,1.0,1.0,1.0,1.0,75
mac10,primary,MAC-10,SMGs,1050.0,600.0,10.0,True,8,0.7567799999999999,0.75,0.525,0.9074,1.0,1.0,1.0,1.0,75
mac10,primary,MAC-10,SMGs,1050.0,600.0,12.5,True,8,1.291518,1.2,0.525,0.3084,0.9538,1.0,0.9964,1.0,75
mac10,primary,MAC-10,SMGs,1050.0,600.0,15.0,True,8,2.222333,2.025,0.525,0.0084,0.464,1.0,0.7222,1.5,112
mac10,primary,MAC-10,SMGs,1050.0,600.0,20.0,True,9,6.443861999999999,7.220000000000001,0.6,0.0,0.005,0.989,0.4032,2.0,150
mac10,primary,MAC-10,SMGs,1050.0,600.0,25.0,True,10,10.477452,10.97,0.6749999999999999,0.0,0.0,0.5796,0.2604,2.0,150
mac10,primary,MAC-10,SMGs,1050.0,600.0,30.0,True,11,11.833855999999999,12.0,0.75,0.0,0.0,0.096,0.1752,2.0,150
mac10,primary,MAC-10,SMGs,1050.0,600.0,40.0,True,13,11.999686,12.0,0.8999999999999999,0.0,0.0,0.0004,0.096,1.0,75
mac10,primary,MAC-10,SMGs,1050.0,600.0,2.5,False,4,0.22500000000000003,0.22499999999999998,0.22499999999999998,1.0,1.0,1.0,1.0,1.0,75
mac10,primary,MAC-10,SMGs,1050.0,600.0,5.0,False,4,0.22500000000000003,0.22499999999999998,0.22499999999999998,1.0,1.0,1.0,1.0,1.0,75
mac10,primary,MAC-10,SMGs,1050.0,600.0,7.5,False,4,0.22500000000000003,0.22499999999999998,0.22499999999999998,1.0,1.0,1.0,1.0,1.0,75
mac10,primary,MAC-10,SMGs,1050.0,600.0,10.0,False,5,0.3857549999999999,0.375,0.3,0.9996,1.0,1.0,1.0,1.0,75
mac10,primary,MAC-10,SMGs,1050.0,600.0,12.5,False,5,0.6624909999999999,0.6,0.3,0.8866,0.9984,1.0,0.9964,1.0,75
mac10,primary,MAC-10,SMGs,1050.0,600.0,15.0,False,5,1.1484619999999999,0.975,0.3,0.5246,0.9424,1.0,0.7274,1.0,75
mac10,primary,MAC-10,SMGs,1050.0,600.0,20.0,False,5,2.799012,2.4,0.3,0.0276,0.3334,0.9998,0.4096,2.0,150
mac10,primary,MAC-10,SMGs,1050.0,600.0,25.0,False,6,6.5933579999999985,7.37,0.375,0.0006,0.0212,0.9536,0.2636,2.0,150
mac10,primary,MAC-10,SMGs,1050.0,600.0,30.0,False,6,9.190833999999999,9.620000000000001,0.375,0.0,0.0042,0.7264,0.1758,2.0,150
mac10,primary,MAC-10,SMGs,1050.0,600.0,40.0,False,7,11.799095999999999,12.0,0.44999999999999996,0.0,0.0,0.0948,0.0994,2.0,150
mp7,primary,MP7,SMGs,1400.0,600.0,2.5,True,6,0.39999999999999997,0.4,0.4,1.0,1.0,1.0,1.0,1.0,80
mp7,primary,MP7,SMGs,1400.0,600.0,5.0,True,6,0.39999999999999997,0.4,0.4,1.0,1.0,1.0,1.0,1.0,80
mp7,primary,MP7,SMGs,1400.0,600.0,7.5,True,6,0.39999999999999997,0.4,0.4,1.0,1.0,1.0,1.0,1.0,80
mp7,primary,MP7,SMGs,1400.0,600.0,10.0,True,6,0.39999999999999997,0.4,0.4,1.0,1.0,1.0,1.0,1.0,80
mp7,primary,MP7,SMGs,1400.0,600.0,12.5,True,7,0.48576,0.48,0.48,1.0,1.0,1.0,1.0,1.0,80
mp7,primary,MP7,SMGs,1400.0,600.0,15.0,True,7,0.644848,0.64,0.48,0.9722,1.0,1.0,1.0,1.0,80
mp7,primary,MP7,SMGs,1400.0,600.0,20.0,True,7,1.356538,1.2,0.48,0.286,0.9372,1.0,0.7266,1.0,80
mp7,primary,MP7,SMGs,1400.0,600.0,25.0,True,8,3.7271079999999994,2.88,0.56,0.0002,0.1382,0.9996,0.462,1.5,120
mp7,primary,MP7,SMGs,1400.0,600.0,30.0,True,8,6.527674,7.209999999999999,0.56,0.0004,0.0174,0.9556,0.3226,1.5,120
mp7,primary,MP7,SMGs,1400.0,600.0,40.0,True,9,11.069545999999999,12.0,0.64,0.0,0.0002,0.2878,0.175,1.5,120
mp7,primary,MP7,SMGs,1400.0,600.0,2.5,False,4,0.24,0.24,0.24,1.0,1.0,1.0,1.0,1.0,80
mp7,primary,MP7,SMGs,1400.0,600.0,5.0,False,4,0.24,0.24,0.24,1.0,1.0,1.0,1.0,1.0,80
mp7,primary,MP7,SMGs,1400.0,600.0,7.5,False,4,0.24,0.24,0.24,1.0,1.0,1.0,1.0,1.0,80
mp7,primary,MP7,SMGs,1400.0,600.0,10.0,False,4,0.24,0.24,0.24,1.0,1.0,1.0,1.0,1.0,80
mp7,primary,MP7,SMGs,1400.0,600.0,12.5,False,4,0.24,0.24,0.24,1.0,1.0,1.0,1.0,1.0,80
mp7,primary,MP7,SMGs,1400.0,600.0,15.0,False,4,0.288352,0.24,0.24,1.0,1.0,1.0,1.0,1.0,80
mp7,primary,MP7,SMGs,1400.0,600.0,20.0,False,5,0.8532599999999999,0.8,0.32,0.7182,0.9916,1.0,0.7204,1.0,80
mp7,primary,MP7,SMGs,1400.0,600.0,25.0,False,5,1.7683239999999998,1.36,0.32,0.266,0.8174,1.0,0.4444,1.0,80
mp7,primary,MP7,SMGs,1400.0,600.0,30.0,False,5,3.246688,2.52,0.32,0.0364,0.3172,0.9986,0.3212,1.5,120
mp7,primary,MP7,SMGs,1400.0,600.0,40.0,False,6,8.480822,8.649999999999999,0.4,0.0,0.0144,0.7506,0.1846,1.5,120
mp5sd,primary,MP5-SD,SMGs,1400.0,600.0,2.5,True,6,0.39999999999999997,0.4,0.4,1.0,1.0,1.0,1.0,1.0,80
mp5sd,primary,MP5-SD,SMGs,1400.0,600.0,5.0,True,7,0.48,0.48,0.48,1.0,1.0,1.0,1.0,1.0,80
mp5sd,primary,MP5-SD,SMGs,1400.0,600.0,7.5,True,7,0.48,0.48,0.48,1.0,1.0,1.0,1.0,1.0,80
mp5sd,primary,MP5-SD,SMGs,1400.0,600.0,10.0,True,7,0.48,0.48,0.48,1.0,1.0,1.0,1.0,1.0,80
mp5sd,primary,MP5-SD,SMGs,1400.0,600.0,12.5,True,7,0.486,0.48,0.48,1.0,1.0,1.0,1.0,1.0,80
mp5sd,primary,MP5-SD,SMGs,1400.0,600.0,15.0,True,7,0.6453760000000001,0.64,0.48,0.974,1.0,1.0,1.0,1.0,80
mp5sd,primary,MP5-SD,SMGs,1400.0,600.0,20.0,True,8,1.67936,1.44,0.56,0.1354,0.8548,1.0,0.7168,1.0,80
mp5sd,primary,MP5-SD,SMGs,1400.0,600.0,25.0,True,8,3.71196,2.88,0.56,0.002,0.14,0.9996,0.4732,1.5,120
mp5sd,primary,MP5-SD,SMGs,1400.0,600.0,30.0,True,8,6.436187999999999,7.02,0.56,0.0,0.0226,0.959,0.3308,1.5,120
mp5sd,primary,MP5-SD,SMGs,1400.0,600.0,40.0,True,9,11.022924,12.0,0.64,0.0,0.0,0.2948,0.1886,1.5,120
mp5sd,primary,MP5-SD,SMGs,1400.0,600.0,2.5,False,4,0.24,0.24,0.24,1.0,1.0,1.0,1.0,1.0,80
mp5sd,primary,MP5-SD,SMGs,1400.0,600.0,5.0,False,4,0.24,0.24,0.24,1.0,1.0,1.0,1.0,1.0,80
mp5sd,primary,MP5-SD,SMGs,1400.0,600.0,7.5,False,4,0.24,0.24,0.24,1.0,1.0,1.0,1.0,1.0,80
mp5sd,primary,MP5-SD,SMGs,1400.0,600.0,10.0,False,4,0.24,0.24,0.24,1.0,1.0,1.0,1.0,1.0,80
mp5sd,primary,MP5-SD,SMGs,1400.0,600.0,12.5,False,5,0.32054399999999994,0.32,0.32,1.0,1.0,1.0,1.0,1.0,80
mp5sd,primary,MP5-SD,SMGs,1400.0,600.0,15.0,False,5,0.40535999999999994,0.4,0.32,0.999,1.0,1.0,1.0,1.0,80
mp5sd,primary,MP5-SD,SMGs,1400.0,600.0,20.0,False,5,0.8477680000000001,0.8,0.32,0.7222,0.9926,1.0,0.7248,1.0,80
mp5sd,primary,MP5-SD,SMGs,1400.0,600.0,25.0,False,5,1.7513279999999998,1.36,0.32,0.2668,0.8158,1.0,0.4508,1.0,80
mp5sd,primary,MP5-SD,SMGs,1400.0,600.0,30.0,False,5,3.186492,2.46,0.32,0.0338,0.32,0.9992,0.3262,1.5,120
mp5sd,primary,MP5-SD,SMGs,1400.0,600.0,40.0,False,6,8.374344,8.459999999999999,0.4,0.0,0.013,0.7412,0.1766,1.5,120
mp9,primary,MP9,SMGs,1250.0,600.0,2.5,True,7,0.4200000000000001,0.42000000000000004,0.42000000000000004,1.0,1.0,1.0,1.0,1.0,70
mp9,primary,MP9,SMGs,1250.0,600.0,5.0,True,7,0.4200000000000001,0.42000000000000004,0.42000000000000004,1.0,1.0,1.0,1.0,1.0,70
mp9,primary,MP9,SMGs,1250.0,600.0,7.5,True,7,0.4200000000000001,0.42000000000000004,0.42000000000000004,1.0,1.0,1.0,1.0,1.0,70
mp9,primary,MP9,SMGs,1250.0,600.0,10.0,True,8,0.49000000000000016,0.49000000000000005,0.49000000000000005,1.0,1.0,1.0,1.0,1.0,70
mp9,primary,MP9,SMGs,1250.0,600.0,12.5,True,8,0.49026600000000015,0.49000000000000005,0.49000000000000005,1.0,1.0,1.0,1.0,1.0,70
mp9,primary,MP9,SMGs,1250.0,600.0,15.0,True,8,0.6155240000000001,0.56,0.49000000000000005,0.994,1.0,1.0,1.0,1.0,70
mp9,primary,MP9,SMGs,1250.0,600.0,20.0,True,8,1.179224,1.12,0.49000000000000005,0.3974,0.9804,1.0,0.889,1.0,70
mp9,primary,MP9,SMGs,1250.0,600.0,25.0,True,9,2.7908670000000004,2.415,0.56,0.0008,0.3132,1.0,0.5672,1.5,105
mp9,primary,MP9,SMGs,1250.0,600.0,30.0,True,9,4.979322,5.5425,0.56,0.0,0.0448,0.9988,0.4038,1.5,105
mp9,primary,MP9,SMGs,1250.0,600.0,40.0,True,10,9.97443,11.085,0.6300000000000001,0.0,0.0,0.6446,0.222,1.5,105
mp9,primary,MP9,SMGs,1250.0,600.0,2.5,False,4,0.21000000000000005,0.21000000000000002,0.21000000000000002,1.0,1.0,1.0,1.0,1.0,70
mp9,primary,MP9,SMGs,1250.0,600.0,5.0,False,5,0.28,0.28,0.28,1.0,1.0,1.0,1.0,1.0,70
mp9,primary,MP9,SMGs,1250.0,600.0,7.5,False,5,0.28,0.28,0.28,1.0,1.0,1.0,1.0,1.0,70
mp9,primary,MP9,SMGs,1250.0,600.0,10.0,False,5,0.28,0.28,0.28,1.0,1.0,1.0,1.0,1.0,70
mp9,primary,MP9,SMGs,1250.0,600.0,12.5,False,5,0.28,0.28,0.28,1.0,1.0,1.0,1.0,1.0,70
mp9,primary,MP9,SMGs,1250.0,600.0,15.0,False,5,0.32979800000000004,0.28,0.28,1.0,1.0,1.0,1.0,1.0,70
mp9,primary,MP9,SMGs,1250.0,600.0,20.0,False,5,0.632092,0.56,0.28,0.9196,0.9996,1.0,0.885,1.0,70
mp9,primary,MP9,SMGs,1250.0,600.0,25.0,False,6,1.6067040000000001,1.4700000000000002,0.35000000000000003,0.1452,0.8066,1.0,0.578,1.5,105
mp9,primary,MP9,SMGs,1250.0,600.0,30.0,False,6,2.6940960000000005,2.205,0.35000000000000003,0.0282,0.4262,1.0,0.3868,1.5,105
mp9,primary,MP9,SMGs,1250.0,600.0,40.0,False,6,6.058998,6.12,0.35000000000000003,0.0012,0.0572,0.9644,0.2246,1.5,105
p90,primary,P90,SMGs,2350.0,300.0,2.5,True,6,0.35000000000000003,0.35000000000000003,0.35000000000000003,1.0,1.0,1.0,1.0,1.0,70
p90,primary,P90,SMGs,2350.0,300.0,5.0,True,6,0.35000000000000003,0.35000000000000003,0.35000000000000003,1.0,1.0,1.0,1.0,1.0,70
p90,primary,P90,SMGs,2350.0,300.0,7.5,True,7,0.4200000000000001,0.42000000000000004,0.42000000000000004,1.0,1.0,1.0,1.0,1.0,70
p90,primary,P90,SMGs,2350.0,300.0,10.0,True,7,0.4583180000000001,0.42000000000000004,0.42000000000000004,1.0,1.0,1.0,1.0,1.0,70
p90,primary,P90,SMGs,2350.0,300.0,12.5,True,7,0.7320740000000001,0.7000000000000001,0.42000000000000004,0.9002,1.0,1.0,0.9622,1.0,70
p90,primary,P90,SMGs,2350.0,300.0,15.0,True,7,1.149922,1.12,0.42000000000000004,0.4134,0.969,1.0,0.6798,1.0,70
p90,primary,P90,SMGs,2350.0,300.0,20.0,True,8,3.0205380000000006,2.45,0.49000000000000005,0.0094,0.2856,0.9996,0.3846,1.0,70
p90,primary,P90,SMGs,2350.0,300.0,25.0,True,8,6.090409000000001,4.7250000000000005,0.49000000000000005,0.0,0.0142,0.9752,0.254,1.5,105
p90,primary,P90,SMGs,2350.0,300.0,30.0,True,8,8.943082,8.97,0.49000000000000005,0.0,0.0056,0.7294,0.173,1.0,70
p90,primary,P90,SMGs,2350.0,300.0,40.0,True,9,11.765834,12.0,0.56,0.0,0.0,0.0838,0.0988,1.0,70
p90,primary,P90,SMGs,2350.0,300.0,2.5,False,4,0.21000000000000005,0.21000000000000002,0.21000000000000002,1.0,1.0,1.0,1.0,1.0,70
p90,primary,P90,SMGs,2350.0,300.0,5.0,False,5,0.28,0.28,0.28,1.0,1.0,1.0,1.0,1.0,70
p90,primary,P90,SMGs,2350.0,300.0,7.5,False,5,0.28,0.28,0.28,1.0,1.0,1.0,1.0,1.0,70
p90,primary,P90,SMGs,2350.0,300.0,10.0,False,5,0.2942240000000001,0.28,0.28,1.0,1.0,1.0,1.0,1.0,70
p90,primary,P90,SMGs,2350.0,300.0,12.5,False,5,0.46365200000000006,0.42000000000000004,0.28,0.9936,0.9998,1.0,0.9598,1.0,70
p90,primary,P90,SMGs,2350.0,300.0,15.0,False,5,0.7611100000000001,0.7000000000000001,0.28,0.8018,0.9962,1.0,0.6858,1.0,70
p90,primary,P90,SMGs,2350.0,300.0,20.0,False,5,1.5520580000000002,1.4000000000000001,0.28,0.249,0.7932,1.0,0.3856,1.0,70
p90,primary,P90,SMGs,2350.0,300.0,25.0,False,6,4.093416,2.87,0.35000000000000003,0.0138,0.2016,0.9948,0.254,1.0,70
p90,primary,P90,SMGs,2350.0,300.0,30.0,False,6,6.6941559999999996,7.4300000000000015,0.35000000000000003,0.0022,0.0528,0.9156,0.1702,1.0,70
p90,primary,P90,SMGs,2350.0,300.0,40.0,False,7,11.038984,12.0,0.42000000000000004,0.0,0.0006,0.2742,0.099,1.0,70
ump45,primary,UMP-45,SMGs,1200.0,600.0,2.5,True,5,0.35999999999999993,0.36,0.36,1.0,1.0,1.0,1.0,1.0,90
ump45,primary,UMP-45,SMGs,1200.0,600.0,5.0,True,5,0.35999999999999993,0.36,0.36,1.0,1.0,1.0,1.0,1.0,90
ump45,primary,UMP-45,SMGs,1200.0,600.0,7.5,True,6,0.45000000000000007,0.44999999999999996,0.44999999999999996,1.0,1.0,1.0,1.0,1.0,90
ump45,primary,UMP-45,SMGs,1200.0,600.0,10.0,True,6,0.46179000000000014,0.44999999999999996,0.44999999999999996,1.0,1.0,1.0,1.0,1.0,90
ump45,primary,UMP-45,SMGs,1200.0,600.0,12.5,True,6,0.7001099999999999,0.63,0.44999999999999996,0.9368,1.0,1.0,0.9794,1.0,90
ump45,primary,UMP-45,SMGs,1200.0,600.0,15.0,True,7,1.429628,1.26,0.54,0.2878,0.9376,1.0,0.7116,1.0,90
ump45,primary,UMP-45,SMGs,1200.0,600.0,20.0,True,7,4.203459,2.835,0.54,0.0014,0.1284,0.997,0.4024,1.5,135
ump45,primary,UMP-45,SMGs,1200.0,600.0,25.0,True,8,8.790851,8.83,0.63,0.0,0.003,0.7576,0.2606,1.5,135
ump45,primary,UMP-45,SMGs,1200.0,600.0,30.0,True,9,11.360075,12.0,0.72,0.0,0.0002,0.2072,0.1778,1.5,135
ump45,primary,UMP-45,SMGs,1200.0,600.0,40.0,True,11,11.996723,12.0,0.8999999999999999,0.0,0.0,0.0014,0.104,1.5,135
ump45,primary,UMP-45,SMGs,1200.0,600.0,2.5,False,4,0.27,0.27,0.27,1.0,1.0,1.0,1.0,1.0,90
ump45,primary,UMP-45,SMGs,1200.0,600.0,5.0,False,4,0.27,0.27,0.27,1.0,1.0,1.0,1.0,1.0,90
ump45,primary,UMP-45,SMGs,1200.0,600.0,7.5,False,4,0.27,0.27,0.27,1.0,1.0,1.0,1.0,1.0,90
ump45,primary,UMP-45,SMGs,1200.0,600.0,10.0,False,4,0.27260999999999996,0.27,0.27,1.0,1.0,1.0,1.0,1.0,90
ump45,primary,UMP-45,SMGs,1200.0,600.0,12.5,False,4,0.400554,0.36,0.27,0.9978,1.0,1.0,0.9766,1.0,90
ump45,primary,UMP-45,SMGs,1200.0,600.0,15.0,False,5,0.8865200000000001,0.8099999999999999,0.36,0.7206,0.9918,1.0,0.7154,1.0,90
ump45,primary,UMP-45,SMGs,1200.0,600.0,20.0,False,5,2.4206090000000002,2.0250000000000004,0.36,0.0688,0.491,0.9998,0.4036,1.5,135
ump45,primary,UMP-45,SMGs,1200.0,600.0,25.0,False,6,6.470497,7.345,0.44999999999999996,0.0014,0.056,0.9334,0.2522,1.5,135
ump45,primary,UMP-45,SMGs,1200.0,600.0,30.0,False,6,9.03558,9.1,0.44999999999999996,0.0006,0.0086,0.6586,0.178,1.5,135
ump45,primary,UMP-45,SMGs,1200.0,600.0,40.0,False,8,11.917722,12.0,0.63,0.0,0.0,0.0278,0.099,1.5,135
ak47,primary,AK-47,Automatic Rifles,2700.0,300.0,2.5,True,4,0.3,0.30000000000000004,0.30000000000000004,1.0,1.0,1.0,1.0,1.0,100
ak47,primary,AK-47,Automatic Rifles,2700.0,300.0,5.0,True,4,0.3,0.30000000000000004,0.30000000000000004,1.0,1.0,1.0,1.0,1.0,100
ak47,primary,AK-47,Automatic Rifles,2700.0,300.0,7.5,True,4,0.3,0.30000000000000004,0.30000000000000004,1.0,1.0,1.0,1.0,1.0,100
ak47,primary,AK-47,Automatic Rifles,2700.0,300.0,10.0,True,4,0.3,0.30000000000000004,0.30000000000000004,1.0,1.0,1.0,1.0,1.0,100
ak47,primary,AK-47,Automatic Rifles,2700.0,300.0,12.5,True,4,0.31886,0.30000000000000004,0.30000000000000004,0.9992,1.0,1.0,1.0,1.0,100
ak47,primary,AK-47,Automatic Rifles,2700.0,300.0,15.0,True,4,0.44983999999999996,0.4,0.30000000000000004,0.9664,0.9988,1.0,1.0,1.0,100
ak47,primary,AK-47,Automatic Rifles,2700.0,300.0,20.0,True,4,0.9379600000000002,0.8,0.30000000000000004,0.7446,0.9902,1.0,1.0,2.0,200
ak47,primary,AK-47,Automatic Rifles,2700.0,300.0,25.0,True,4,1.4971800000000004,1.5000000000000002,0.30000000000000004,0.2308,0.8236,1.0,0.997,3.0,300
ak47,primary,AK-47,Automatic Rifles,2700.0,300.0,30.0,True,4,2.3352000000000004,2.1000000000000005,0.30000000000000004,0.068,0.4274,1.0,0.789,3.0,300
ak47,primary,AK-47,Automatic Rifles,2700.0,300.0,40.0,True,4,4.7187779999999995,4.200000000000001,0.30000000000000004,0.007,0.0828,0.97,0.4434,3.0,300
ak47,primary,AK-47,Automatic Rifles,2700.0,300.0,2.5,False,3,0.19999999999999998,0.2,0.2,1.0,1.0,1.0,1.0,1.0,100
ak47,primary,AK-47,Automatic Rifles,2700.0,300.0,5.0,False,3,0.19999999999999998,0.2,0.2,1.0,1.0,1.0,1.0,1.0,100
ak47,primary,AK-47,Automatic Rifles,2700.0,300.0,7.5,False,3,0.19999999999999998,0.2,0.2,1.0,1.0,1.0,1.0,1.0,100
ak47,primary,AK-47,Automatic Rifles,2700.0,300.0,10.0,False,3,0.19999999999999998,0.2,0.2,1.0,1.0,1.0,1.0,1.0,100
ak47,primary,AK-47,Automatic Rifles,2700.0,300.0,12.5,False,3,0.19999999999999998,0.2,0.2,1.0,1.0,1.0,1.0,1.0,100
ak47,primary,AK-47,Automatic Rifles,2700.0,300.0,15.0,False,3,0.2433,0.2,0.2,0.998,1.0,1.0,1.0,1.0,100
ak47,primary,AK-47,Automatic Rifles,2700.0,300.0,20.0,False,3,0.5912800000000001,0.4,0.2,0.9466,0.998,1.0,1.0,2.0,200
ak47,primary,AK-47,Automatic Rifles,2700.0,300.0,25.0,False,3,0.9852600000000002,0.9000000000000001,0.2,0.6714,0.956,1.0,0.9966,3.0,300
ak47,primary,AK-47,Automatic Rifles,2700.0,300.0,30.0,False,3,1.5958800000000002,1.5000000000000002,0.2,0.33,0.718,1.0,0.7794,3.0,300
ak47,primary,AK-47,Automatic Rifles,2700.0,300.0,40.0,False,3,3.3425520000000004,3.0000000000000004,0.2,0.0782,0.2624,0.9952,0.4438,3.0,300
aug,primary,AUG,Automatic Rifles,3300.0,300.0,2.5,True,4,0.3,0.30000000000000004,0.30000000000000004,1.0,1.0,1.0,1.0,1.0,100
aug,primary,AUG,Automatic Rifles,3300.0,300.0,5.0,True,4,0.3,0.30000000000000004,0.30000000000000004,1.0,1.0,1.0,1.0,1.0,100
aug,primary,AUG,Automatic Rifles,3300.0,300.0,7.5,True,5,0.39999999999999997,0.4,0.4,1.0,1.0,1.0,1.0,1.0,100
aug,primary,AUG,Automatic Rifles,3300.0,300.0,10.0,True,5,0.39999999999999997,0.4,0.4,1.0,1.0,1.0,1.0,1.0,100
aug,primary,AUG,Automatic Rifles,3300.0,300.0,12.5,True,5,0.4057799999999999,0.4,0.4,1.0,1.0,1.0,1.0,1.0,100
aug,primary,AUG,Automatic Rifles,3300.0,300.0,15.0,True,5,0.5081,0.5,0.4,0.99,1.0,1.0,1.0,1.0,100
aug,primary,AUG,Automatic Rifles,3300.0,300.0,20.0,True,5,0.8129400000000001,0.7500000000000001,0.4,0.8004,0.9998,1.0,1.0,1.5,150
aug,primary,AUG,Automatic Rifles,3300.0,300.0,25.0,True,5,1.2022000000000002,1.2000000000000002,0.4,0.4844,0.9692,1.0,1.0,2.0,200
aug,primary,AUG,Automatic Rifles,3300.0,300.0,30.0,True,5,1.6539000000000004,1.5000000000000002,0.4,0.0,0.7876,1.0,1.0,3.0,300
aug,primary,AUG,Automatic Rifles,3300.0,300.0,40.0,True,5,3.1396200000000003,3.0000000000000004,0.4,0.0,0.1604,0.998,0.7488,3.0,300
aug,primary,AUG,Automatic Rifles,3300.0,300.0,2.5,False,4,0.3,0.30000000000000004,0.30000000000000004,1.0,1.0,1.0,1.0,1.0,100
aug,primary,AUG,Automatic Rifles,3300.0,300.0,5.0,False,4,0.3,0.30000000000000004,0.30000000000000004,1.0,1.0,1.0,1.0,1.0,100
aug,primary,AUG,Automatic Rifles,3300.0,300.0,7.5,False,4,0.3,0.30000000000000004,0.30000000000000004,1.0,1.0,1.0,1.0,1.0,100
aug,primary,AUG,Automatic Rifles,3300.0,300.0,10.0,False,4,0.3,0.30000000000000004,0.30000000000000004,1.0,1.0,1.0,1.0,1.0,100
aug,primary,AUG,Automatic Rifles,3300.0,300.0,12.5,False,4,0.3,0.30000000000000004,0.30000000000000004,1.0,1.0,1.0,1.0,1.0,100
aug,primary,AUG,Automatic Rifles,3300.0,300.0,15.0,False,4,0.34896000000000005,0.30000000000000004,0.30000000000000004,0.9992,1.0,1.0,1.0,1.0,100
aug,primary,AUG,Automatic Rifles,3300.0,300.0,20.0,False,4,0.5772300000000001,0.45000000000000007,0.30000000000000004,0.959,0.9998,1.0,1.0,1.5,150
aug,primary,AUG,Automatic Rifles,3300.0,300.0,25.0,False,4,0.8758800000000001,0.8,0.30000000000000004,0.8062,0.996,1.0,1.0,2.0,200
aug,primary,AUG,Automatic Rifles,3300.0,300.0,30.0,False,4,1.2232800000000004,1.2000000000000002,0.30000000000000004,0.4034,0.952,1.0,1.0,3.0,300
aug,primary,AUG,Automatic Rifles,3300.0,300.0,40.0,False,4,2.39406,2.1000000000000005,0.30000000000000004,0.0536,0.4086,0.9996,0.7656,3.0,300
aug,scoped,AUG,Automatic Rifles,3300.0,300.0,2.5,True,4,0.6,0.6000000000000001,0.6000000000000001,1.0,1.0,1.0,1.0,1.0,100
aug,scoped,AUG,Automatic Rifles,3300.0,300.0,5.0,True,4,0.6,0.6000000000000001,0.6000000000000001,1.0,1.0,1.0,1.0,1.0,100
aug,scoped,AUG,Automatic Rifles,3300.0,300.0,7.5,True,5,0.7000000000000001,0.7,0.7,1.0,1.0,1.0,1.0,1.0,100
aug,scoped,AUG,Automatic Rifles,3300.0,300.0,10.0,True,5,0.7000000000000001,0.7,0.7,1.0,1.0,1.0,1.0,1.0,100
aug,scoped,AUG,Automatic Rifles,3300.0,300.0,12.5,True,5,0.7000000000000001,0.7,0.7,1.0,1.0,1.0,1.0,1.0,100
aug,scoped,AUG,Automatic Rifles,3300.0,300.0,15.0,True,5,0.7427,0.7,0.7,0.9896,1.0,1.0,1.0,1.0,100
aug,scoped,AUG,Automatic Rifles,3300.0,300.0,20.0,True,5,0.9578100000000003,0.9000000000000001,0.7,0.7142,1.0,1.0,1.0,1.5,150
aug,scoped,AUG,Automatic Rifles,3300.0,300.0,25.0,True,5,1.1873200000000002,1.1,0.7,0.0,0.9992,1.0,1.0,2.0,200
aug,scoped,AUG,Automatic Rifles,3300.0,300.0,30.0,True,5,1.5018600000000002,1.5000000000000002,0.7,0.0,1.0,1.0,1.0,3.0,300
aug,scoped,AUG,Automatic Rifles,3300.0,300.0,40.0,True,5,2.18952,1.9000000000000001,0.7,0.0,0.5186,1.0,1.0,4.0,400
aug,scoped,AUG,Automatic Rifles,3300.0,300.0,2.5,False,4,0.6,0.6000000000000001,0.6000000000000001,1.0,1.0,1.0,1.0,1.0,100
aug,scoped,AUG,Automatic Rifles,3300.0,300.0,5.0,False,4,0.6,0.6000000000000001,0.6000000000000001,1.0,1.0,1.0,1.0,1.0,100
aug,scoped,AUG,Automatic Rifles,3300.0,300.0,7.5,False,4,0.6,0.6000000000000001,0.6000000000000001,1.0,1.0,1.0,1.0,1.0,100
aug,scoped,AUG,Automatic Rifles,3300.0,300.0,10.0,False,4,0.6,0.6000000000000001,0.6000000000000001,1.0,1.0,1.0,1.0,1.0,100
aug,scoped,AUG,Automatic Rifles,3300.0,300.0,12.5,False,4,0.6,0.6000000000000001,0.6000000000000001,1.0,1.0,1.0,1.0,1.0,100
aug,scoped,AUG,Automatic Rifles,3300.0,300.0,15.0,False,4,0.61146,0.6000000000000001,0.6000000000000001,0.9994,1.0,1.0,1.0,1.0,100
aug,scoped,AUG,Automatic Rifles,3300.0,300.0,20.0,False,4,0.7738800000000001,0.75,0.6000000000000001,0.9796,1.0,1.0,1.0,1.5,150
aug,scoped,AUG,Automatic Rifles,3300.0,300.0,25.0,False,4,0.9490400000000001,0.9000000000000001,0.6000000000000001,0.8008,1.0,1.0,1.0,2.0,200
aug,scoped,AUG,Automatic Rifles,3300.0,300.0,30.0,False,4,1.20072,1.2000000000000002,0.6000000000000001,0.0,1.0,1.0,1.0,3.0,300
aug,scoped,AUG,Automatic Rifles,3300.0,300.0,40.0,False,4,1.7160800000000003,1.5000000000000002,0.6000000000000001,0.0,0.8884,1.0,1.0,4.0,400
famas,primary,FAMAS,Automatic Rifles,1950.0,300.0,2.5,True,5,0.35999999999999993,0.36,0.36,1.0,1.0,1.0,1.0,1.0,90
famas,primary,FAMAS,Automatic Rifles,1950.0,300.0,5.0,True,5,0.35999999999999993,0.36,0.36,1.0,1.0,1.0,1.0,1.0,90
famas,primary,FAMAS,Automatic Rifles,1950.0,300.0,7.5,True,5,0.35999999999999993,0.36,0.36,1.0,1.0,1.0,1.0,1.0,90
famas,primary,FAMAS,Automatic Rifles,1950.0,300.0,10.0,True,5,0.35999999999999993,0.36,0.36,1.0,1.0,1.0,1.0,1.0,90
famas,primary,FAMAS,Automatic Rifles,1950.0,300.0,12.5,True,5,0.37670399999999993,0.36,0.36,0.9996,1.0,1.0,1.0,1.0,90
famas,primary,FAMAS,Automatic Rifles,1950.0,300.0,15.0,True,5,0.49167,0.44999999999999996,0.36,0.9714,1.0,1.0,1.0,1.0,90
famas,primary,FAMAS,Automatic Rifles,1950.0,300.0,20.0,True,6,1.5949799999999998,1.44,0.44999999999999996,0.067,0.8376,1.0,1.0,2.0,180
famas,primary,FAMAS,Automatic Rifles,1950.0,300.0,25.0,True,6,2.8053660000000002,2.7,0.44999999999999996,0.0,0.2,1.0,0.7984,3.0,270
famas,primary,FAMAS,Automatic Rifles,1950.0,300.0,30.0,True,6,4.449366,4.050000000000001,0.44999999999999996,0.0,0.037,0.994,0.5622,3.0,270
famas,primary,FAMAS,Automatic Rifles,1950.0,300.0,40.0,True,6,8.724576,8.28,0.44999999999999996,0.0,0.0002,0.585,0.3236,4.0,360
famas,primary,FAMAS,Automatic Rifles,1950.0,300.0,2.5,False,4,0.27,0.27,0.27,1.0,1.0,1.0,1.0,1.0,90
famas,primary,FAMAS,Automatic Rifles,1950.0,300.0,5.0,False,4,0.27,0.27,0.27,1.0,1.0,1.0,1.0,1.0,90
famas,primary,FAMAS,Automatic Rifles,1950.0,300.0,7.5,False,4,0.27,0.27,0.27,1.0,1.0,1.0,1.0,1.0,90
famas,primary,FAMAS,Automatic Rifles,1950.0,300.0,10.0,False,4,0.27,0.27,0.27,1.0,1.0,1.0,1.0,1.0,90
famas,primary,FAMAS,Automatic Rifles,1950.0,300.0,12.5,False,4,0.27,0.27,0.27,1.0,1.0,1.0,1.0,1.0,90
famas,primary,FAMAS,Automatic Rifles,1950.0,300.0,15.0,False,4,0.31233599999999995,0.27,0.27,0.9962,1.0,1.0,1.0,1.0,90
famas,primary,FAMAS,Automatic Rifles,1950.0,300.0,20.0,False,4,0.844074,0.54,0.27,0.7678,0.9592,1.0,1.0,1.0,90
famas,primary,FAMAS,Automatic Rifles,1950.0,300.0,25.0,False,4,1.6071240000000002,1.44,0.27,0.2348,0.7714,1.0,0.8072,2.0,180
famas,primary,FAMAS,Automatic Rifles,1950.0,300.0,30.0,False,4,2.6697660000000005,2.43,0.27,0.0248,0.3528,0.9998,0.549,3.0,270
famas,primary,FAMAS,Automatic Rifles,1950.0,300.0,40.0,False,4,5.748966,4.59,0.27,0.0038,0.0662,0.919,0.3116,3.0,270
galilar,primary,Galil AR,Automatic Rifles,1800.0,300.0,2.5,True,5,0.35999999999999993,0.36,0.36,1.0,1.0,1.0,1.0,1.0,90
galilar,primary,Galil AR,Automatic Rifles,1800.0,300.0,5.0,True,5,0.35999999999999993,0.36,0.36,1.0,1.0,1.0,1.0,1.0,90
galilar,primary,Galil AR,Automatic Rifles,1800.0,300.0,7.5,True,5,0.35999999999999993,0.36,0.36,1.0,1.0,1.0,1.0,1.0,90
galilar,primary,Galil AR,Automatic Rifles,1800.0,300.0,10.0,True,5,0.3654899999999999,0.36,0.36,1.0,1.0,1.0,1.0,1.0,90
galilar,primary,Galil AR,Automatic Rifles,1800.0,300.0,12.5,True,5,0.503622,0.44999999999999996,0.36,0.9698,0.9992,1.0,1.0,1.0,90
galilar,primary,Galil AR,Automatic Rifles,1800.0,300.0,15.0,True,5,0.8640899999999999,0.72,0.36,0.7302,0.9694,1.0,1.0,1.0,90
galilar,primary,Galil AR,Automatic Rifles,1800.0,300.0,20.0,True,5,1.7966519999999997,1.6199999999999999,0.36,0.1044,0.6948,1.0,0.9312,2.0,180
galilar,primary,Galil AR,Automatic Rifles,1800.0,300.0,25.0,True,5,3.190464,2.88,0.36,0.0154,0.2432,0.9984,0.6078,2.0,180
galilar,primary,Galil AR,Automatic Rifles,1800.0,300.0,30.0,True,5,4.94022,4.59,0.36,0.0,0.0382,0.966,0.4212,3.0,270
galilar,primary,Galil AR,Automatic Rifles,1800.0,300.0,40.0,True,5,8.829402000000002,8.64,0.36,0.0,0.0034,0.5732,0.2336,3.0,270
galilar,primary,Galil AR,Automatic Rifles,1800.0,300.0,2.5,False,4,0.27,0.27,0.27,1.0,1.0,1.0,1.0,1.0,90
galilar,primary,Galil AR,Automatic Rifles,1800.0,300.0,5.0,False,4,0.27,0.27,0.27,1.0,1.0,1.0,1.0,1.0,90
galilar,primary,Galil AR,Automatic Rifles,1800.0,300.0,7.5,False,4,0.27,0.27,0.27,1.0,1.0,1.0,1.0,1.0,90
galilar,primary,Galil AR,Automatic Rifles,1800.0,300.0,10.0,False,4,0.27,0.27,0.27,1.0,1.0,1.0,1.0,1.0,90
galilar,primary,Galil AR,Automatic Rifles,1800.0,300.0,12.5,False,4,0.32623199999999997,0.27,0.27,0.996,1.0,1.0,1.0,1.0,90
galilar,primary,Galil AR,Automatic Rifles,1800.0,300.0,15.0,False,4,0.544284,0.44999999999999996,0.27,0.9094,0.994,1.0,1.0,1.0,90
galilar,primary,Galil AR,Automatic Rifles,1800.0,300.0,20.0,False,4,1.34226,1.26,0.27,0.3498,0.8706,1.0,0.9294,2.0,180
galilar,primary,Galil AR,Automatic Rifles,1800.0,300.0,25.0,False,4,2.414982,2.16,0.27,0.0842,0.469,1.0,0.6066,2.0,180
galilar,primary,Galil AR,Automatic Rifles,1800.0,300.0,30.0,False,4,3.842064,3.5100000000000002,0.27,0.0084,0.1554,0.9904,0.418,3.0,270
galilar,primary,Galil AR,Automatic Rifles,1800.0,300.0,40.0,False,4,7.125539999999999,6.48,0.27,0.0008,0.0226,0.7658,0.2326,3.0,270
m4a1,primary,M4A4,Automatic Rifles,2900.0,300.0,2.5,True,5,0.35999999999999993,0.36,0.36,1.0,1.0,1.0,1.0,1.0,90
m4a1,primary,M4A4,Automatic Rifles,2900.0,300.0,5.0,True,5,0.35999999999999993,0.36,0.36,1.0,1.0,1.0,1.0,1.0,90
m4a1,primary,M4A4,Automatic Rifles,2900.0,300.0,7.5,True,5,0.35999999999999993,0.36,0.36,1.0,1.0,1.0,1.0,1.0,90
m4a1,primary,M4A4,Automatic Rifles,2900.0,300.0,10.0,True,5,0.35999999999999993,0.36,0.36,1.0,1.0,1.0,1.0,1.0,90
m4a1,primary,M4A4,Automatic Rifles,2900.0,300.0,12.5,True,5,0.36390599999999995,0.36,0.36,1.0,1.0,1.0,1.0,1.0,90
m4a1,primary,M4A4,Automatic Rifles,2900.0,300.0,15.0,True,5,0.4451039999999999,0.36,0.36,0.9918,1.0,1.0,1.0,1.0,90
m4a1,primary,M4A4,Automatic Rifles,2900.0,300.0,20.0,True,5,0.814896,0.72,0.36,0.8832,1.0,1.0,1.0,2.0,180
m4a1,primary,M4A4,Automatic Rifles,2900.0,300.0,25.0,True,5,1.187514,1.08,0.36,0.0,0.9978,1.0,1.0,3.0,270
m4a1,primary,M4A4,Automatic Rifles,2900.0,300.0,30.0,True,5,1.7017919999999997,1.44,0.36,0.0,0.8268,1.0,1.0,4.0,360
m4a1,primary,M4A4,Automatic Rifles,2900.0,300.0,40.0,True,5,3.245808,2.88,0.36,0.0,0.1344,0.9996,0.754,4.0,360
m4a1,primary,M4A4,Automatic Rifles,2900.0,300.0,2.5,False,4,0.27,0.27,0.27,1.0,1.0,1.0,1.0,1.0,90
m4a1,primary,M4A4,Automatic Rifles,2900.0,300.0,5.0,False,4,0.27,0.27,0.27,1.0,1.0,1.0,1.0,1.0,90
m4a1,primary,M4A4,Automatic Rifles,2900.0,300.0,7.5,False,4,0.27,0.27,0.27,1.0,1.0,1.0,1.0,1.0,90
m4a1,primary,M4A4,Automatic Rifles,2900.0,300.0,10.0,False,4,0.27,0.27,0.27,1.0,1.0,1.0,1.0,1.0,90
m4a1,primary,M4A4,Automatic Rifles,2900.0,300.0,12.5,False,4,0.27,0.27,0.27,1.0,1.0,1.0,1.0,1.0,90
m4a1,primary,M4A4,Automatic Rifles,2900.0,300.0,15.0,False,4,0.29231999999999997,0.27,0.27,0.9992,1.0,1.0,1.0,1.0,90
m4a1,primary,M4A4,Automatic Rifles,2900.0,300.0,20.0,False,4,0.563484,0.44999999999999996,0.27,0.8998,0.9918,1.0,1.0,1.0,90
m4a1,primary,M4A4,Automatic Rifles,2900.0,300.0,25.0,False,4,0.8782020000000003,0.81,0.27,0.7896,1.0,1.0,1.0,3.0,270
m4a1,primary,M4A4,Automatic Rifles,2900.0,300.0,30.0,False,4,1.253718,1.08,0.27,0.2878,0.9338,1.0,1.0,3.0,270
m4a1,primary,M4A4,Automatic Rifles,2900.0,300.0,40.0,False,4,2.480618,2.16,0.27,0.0438,0.4092,1.0,0.7584,3.0,270
m4a1_silencer,primary,M4A1-S,Automatic Rifles,2900.0,300.0,2.5,True,4,0.3,0.30000000000000004,0.30000000000000004,1.0,1.0,1.0,1.0,1.0,100
m4a1_silencer,primary,M4A1-S,Automatic Rifles,2900.0,300.0,5.0,True,4,0.3,0.30000000000000004,0.30000000000000004,1.0,1.0,1.0,1.0,1.0,100
m4a1_silencer,primary,M4A1-S,Automatic Rifles,2900.0,300.0,7.5,True,4,0.3,0.30000000000000004,0.30000000000000004,1.0,1.0,1.0,1.0,1.0,100
m4a1_silencer,primary,M4A1-S,Automatic Rifles,2900.0,300.0,10.0,True,4,0.3,0.30000000000000004,0.30000000000000004,1.0,1.0,1.0,1.0,1.0,100
m4a1_silencer,primary,M4A1-S,Automatic Rifles,2900.0,300.0,12.5,True,4,0.3,0.30000000000000004,0.30000000000000004,1.0,1.0,1.0,1.0,1.0,100
m4a1_silencer,primary,M4A1-S,Automatic Rifles,2900.0,300.0,15.0,True,5,0.4388,0.4,0.4,0.9988,1.0,1.0,1.0,1.0,100
m4a1_silencer,primary,M4A1-S,Automatic Rifles,2900.0,300.0,20.0,True,5,0.7647,0.7500000000000001,0.4,0.8726,0.9998,1.0,1.0,1.5,150
m4a1_silencer,primary,M4A1-S,Automatic Rifles,2900.0,300.0,25.0,True,5,1.0352,1.0,0.4,0.6812,0.998,1.0,1.0,2.0,200
m4a1_silencer,primary,M4A1-S,Automatic Rifles,2900.0,300.0,30.0,True,5,1.36056,1.2000000000000002,0.4,0.0,0.9748,1.0,1.0,3.0,300
m4a1_silencer,primary,M4A1-S,Automatic Rifles,2900.0,300.0,40.0,True,5,2.534098,2.4000000000000004,0.4,0.0,0.298,1.0,0.7922,3.0,300
m4a1_silencer,primary,M4A1-S,Automatic Rifles,2900.0,300.0,2.5,False,3,0.19999999999999998,0.2,0.2,1.0,1.0,1.0,1.0,1.0,100
m4a1_silencer,primary,M4A1-S,Automatic Rifles,2900.0,300.0,5.0,False,3,0.19999999999999998,0.2,0.2,1.0,1.0,1.0,1.0,1.0,100
m4a1_silencer,primary,M4A1-S,Automatic Rifles,2900.0,300.0,7.5,False,3,0.19999999999999998,0.2,0.2,1.0,1.0,1.0,1.0,1.0,100
m4a1_silencer,primary,M4A1-S,Automatic Rifles,2900.0,300.0,10.0,False,3,0.19999999999999998,0.2,0.2,1.0,1.0,1.0,1.0,1.0,100
m4a1_silencer,primary,M4A1-S,Automatic Rifles,2900.0,300.0,12.5,False,3,0.19999999999999998,0.2,0.2,1.0,1.0,1.0,1.0,1.0,100
m4a1_silencer,primary,M4A1-S,Automatic Rifles,2900.0,300.0,15.0,False,3,0.19999999999999998,0.2,0.2,1.0,1.0,1.0,1.0,1.0,100
m4a1_silencer,primary,M4A1-S,Automatic Rifles,2900.0,300.0,20.0,False,3,0.272668,0.2,0.2,0.9912,0.9996,1.0,1.0,1.0,100
m4a1_silencer,primary,M4A1-S,Automatic Rifles,2900.0,300.0,25.0,False,3,0.49376000000000003,0.4,0.2,0.99,1.0,1.0,1.0,2.0,200
m4a1_silencer,primary,M4A1-S,Automatic Rifles,2900.0,300.0,30.0,False,4,1.0159200000000002,0.9000000000000001,0.30000000000000004,0.6968,0.998,1.0,1.0,3.0,300
m4a1_silencer,primary,M4A1-S,Automatic Rifles,2900.0,300.0,40.0,False,4,1.9304220000000005,1.8000000000000003,0.30000000000000004,0.1022,0.5938,1.0,0.7854,3.0,300
sg556,primary,SG 553,Automatic Rifles,3000.0,300.0,2.5,True,4,0.33,0.33,0.33,1.0,1.0,1.0,1.0,1.0,110
sg556,primary,SG 553,Automatic Rifles,3000.0,300.0,5.0,True,4,0.33,0.33,0.33,1.0,1.0,1.0,1.0,1.0,110
sg556,primary,SG 553,Automatic Rifles,3000.0,300.0,7.5,True,4,0.33,0.33,0.33,1.0,1.0,1.0,1.0,1.0,110
sg556,primary,SG 553,Automatic Rifles,3000.0,300.0,10.0,True,4,0.33,0.33,0.33,1.0,1.0,1.0,1.0,1.0,110
sg556,primary,SG 553,Automatic Rifles,3000.0,300.0,12.5,True,4,0.34590600000000005,0.33,0.33,1.0,1.0,1.0,1.0,1.0,110
sg556,primary,SG 553,Automatic Rifles,3000.0,300.0,15.0,True,4,0.45938199999999996,0.44,0.33,0.984,0.9998,1.0,1.0,1.0,110
sg556,primary,SG 553,Automatic Rifles,3000.0,300.0,20.0,True,4,0.7665240000000001,0.66,0.33,0.8956,0.9998,1.0,1.0,2.0,220
sg556,primary,SG 553,Automatic Rifles,3000.0,300.0,25.0,True,4,1.21407,0.99,0.33,0.5532,0.986,1.0,1.0,3.0,330
sg556,primary,SG 553,Automatic Rifles,3000.0,300.0,30.0,True,4,1.8091920000000001,1.6500000000000001,0.33,0.1774,0.7396,1.0,0.9296,3.0,330
sg556,primary,SG 553,Automatic Rifles,3000.0,300.0,40.0,True,4,3.6605039999999995,3.3000000000000003,0.33,0.017,0.185,0.9966,0.5304,3.0,330
sg556,primary,SG 553,Automatic Rifles,3000.0,300.0,2.5,False,4,0.33,0.33,0.33,1.0,1.0,1.0,1.0,1.0,110
sg556,primary,SG 553,Automatic Rifles,3000.0,300.0,5.0,False,4,0.33,0.33,0.33,1.0,1.0,1.0,1.0,1.0,110
sg556,primary,SG 553,Automatic Rifles,3000.0,300.0,7.5,False,4,0.33,0.33,0.33,1.0,1.0,1.0,1.0,1.0,110
sg556,primary,SG 553,Automatic Rifles,3000.0,300.0,10.0,False,4,0.33,0.33,0.33,1.0,1.0,1.0,1.0,1.0,110
sg556,primary,SG 553,Automatic Rifles,3000.0,300.0,12.5,False,4,0.34511400000000003,0.33,0.33,0.9998,1.0,1.0,1.0,1.0,110
sg556,primary,SG 553,Automatic Rifles,3000.0,300.0,15.0,False,4,0.46063600000000005,0.44,0.33,0.9838,1.0,1.0,1.0,1.0,110
sg556,primary,SG 553,Automatic Rifles,3000.0,300.0,20.0,False,4,0.766216,0.66,0.33,0.8948,0.9996,1.0,1.0,2.0,220
sg556,primary,SG 553,Automatic Rifles,3000.0,300.0,25.0,False,4,1.212486,0.99,0.33,0.5528,0.985,1.0,1.0,3.0,330
sg556,primary,SG 553,Automatic Rifles,3000.0,300.0,30.0,False,4,1.819818,1.6500000000000001,0.33,0.176,0.7346,1.0,0.9288,3.0,330
sg556,primary,SG 553,Automatic Rifles,3000.0,300.0,40.0,False,4,3.645654,3.3000000000000003,0.33,0.0164,0.1888,0.9966,0.533,3.0,330
sg556,scoped,SG 553,Automatic Rifles,3000.0,300.0,2.5,True,4,0.63,0.63,0.63,1.0,1.0,1.0,1.0,1.0,110
sg556,scoped,SG 553,Automatic Rifles,3000.0,300.0,5.0,True,4,0.63,0.63,0.63,1.0,1.0,1.0,1.0,1.0,110
sg556,scoped,SG 553,Automatic Rifles,3000.0,300.0,7.5,True,4,0.63,0.63,0.63,1.0,1.0,1.0,1.0,1.0,110
sg556,scoped,SG 553,Automatic Rifles,3000.0,300.0,10.0,True,4,0.63,0.63,0.63,1.0,1.0,1.0,1.0,1.0,110
sg556,scoped,SG 553,Automatic Rifles,3000.0,300.0,12.5,True,4,0.6344,0.63,0.63,1.0,1.0,1.0,1.0,1.0,110
sg556,scoped,SG 553,Automatic Rifles,3000.0,300.0,15.0,True,4,0.7177359999999999,0.63,0.63,0.9522,0.9998,1.0,1.0,1.0,110
sg556,scoped,SG 553,Automatic Rifles,3000.0,300.0,20.0,True,4,0.9248880000000002,0.7949999999999999,0.63,0.809,0.9996,1.0,1.0,1.5,165
sg556,scoped,SG 553,Automatic Rifles,3000.0,300.0,25.0,True,4,1.1381119999999998,0.96,0.63,0.5292,0.9874,1.0,1.0,2.0,220
sg556,scoped,SG 553,Automatic Rifles,3000.0,300.0,30.0,True,4,1.3460999999999996,1.29,0.63,0.0,0.9976,1.0,1.0,3.0,330
sg556,scoped,SG 553,Automatic Rifles,3000.0,300.0,40.0,True,4,2.0372079999999997,2.06,0.63,0.0,0.4448,1.0,1.0,4.0,440
sg556,scoped,SG 553,Automatic Rifles,3000.0,300.0,2.5,False,4,0.63,0.63,0.63,1.0,1.0,1.0,1.0,1.0,110
sg556,scoped,SG 553,Automatic Rifles,3000.0,300.0,5.0,False,4,0.63,0.63,0.63,1.0,1.0,1.0,1.0,1.0,110
sg556,scoped,SG 553,Automatic Rifles,3000.0,300.0,7.5,False,4,0.63,0.63,0.63,1.0,1.0,1.0,1.0,1.0,110
sg556,scoped,SG 553,Automatic Rifles,3000.0,300.0,10.0,False,4,0.63,0.63,0.63,1.0,1.0,1.0,1.0,1.0,110
sg556,scoped,SG 553,Automatic Rifles,3000.0,300.0,12.5,False,4,0.633476,0.63,0.63,0.9998,1.0,1.0,1.0,1.0,110
sg556,scoped,SG 553,Automatic Rifles,3000.0,300.0,15.0,False,4,0.715492,0.63,0.63,0.9512,1.0,1.0,1.0,1.0,110
sg556,scoped,SG 553,Automatic Rifles,3000.0,300.0,20.0,False,4,0.9234689999999999,0.7949999999999999,0.63,0.8022,0.9994,1.0,1.0,1.5,165
sg556,scoped,SG 553,Automatic Rifles,3000.0,300.0,25.0,False,4,1.14018,0.96,0.63,0.514,0.9886,1.0,1.0,2.0,220
sg556,scoped,SG 553,Automatic Rifles,3000.0,300.0,30.0,False,4,1.3455719999999998,1.29,0.63,0.0,0.9978,1.0,1.0,3.0,330
sg556,scoped,SG 553,Automatic Rifles,3000.0,300.0,40.0,False,4,2.038968,2.06,0.63,0.0,0.4558,1.0,1.0,4.0,440
m249,primary,M249,LMGs,5200.0,300.0,2.5,True,4,0.24,0.24,0.24,1.0,1.0,1.0,1.0,1.0,80
m249,primary,M249,LMGs,5200.0,300.0,5.0,True,4,0.24,0.24,0.24,1.0,1.0,1.0,1.0,1.0,80
m249,primary,M249,LMGs,5200.0,300.0,7.5,True,4,0.24,0.24,0.24,1.0,1.0,1.0,1.0,1.0,80
m249,primary,M249,LMGs,5200.0,300.0,10.0,True,5,0.32107199999999997,0.32,0.32,1.0,1.0,1.0,1.0,1.0,80
m249,primary,M249,LMGs,5200.0,300.0,12.5,True,5,0.383824,0.32,0.32,0.9968,1.0,1.0,1.0,1.0,80
m249,primary,M249,LMGs,5200.0,300.0,15.0,True,5,0.575504,0.48,0.32,0.9122,0.997,1.0,1.0,1.0,80
m249,primary,M249,LMGs,5200.0,300.0,20.0,True,5,1.372464,1.2,0.32,0.3716,0.8256,1.0,0.9684,1.5,120
m249,primary,M249,LMGs,5200.0,300.0,25.0,True,5,2.524992,2.24,0.32,0.0674,0.3844,1.0,0.751,2.0,160
m249,primary,M249,LMGs,5200.0,300.0,30.0,True,5,4.0065599999999995,3.68,0.32,0.0118,0.1252,0.9994,0.5402,2.0,160
m249,primary,M249,LMGs,5200.0,300.0,40.0,True,5,7.474079999999999,7.28,0.32,0.0006,0.012,0.8772,0.3042,2.0,160
m249,primary,M249,LMGs,5200.0,300.0,2.5,False,4,0.24,0.24,0.24,1.0,1.0,1.0,1.0,1.0,80
m249,primary,M249,LMGs,5200.0,300.0,5.0,False,4,0.24,0.24,0.24,1.0,1.0,1.0,1.0,1.0,80
m249,primary,M249,LMGs,5200.0,300.0,7.5,False,4,0.24,0.24,0.24,1.0,1.0,1.0,1.0,1.0,80
m249,primary,M249,LMGs,5200.0,300.0,10.0,False,4,0.24,0.24,0.24,1.0,1.0,1.0,1.0,1.0,80
m249,primary,M249,LMGs,5200.0,300.0,12.5,False,4,0.259456,0.24,0.24,0.9998,1.0,1.0,1.0,1.0,80
m249,primary,M249,LMGs,5200.0,300.0,15.0,False,4,0.36916800000000005,0.32,0.24,0.9784,0.9998,1.0,1.0,1.0,80
m249,primary,M249,LMGs,5200.0,300.0,20.0,False,4,0.901696,0.72,0.24,0.676,0.9346,1.0,0.9662,1.0,80
m249,primary,M249,LMGs,5200.0,300.0,25.0,False,4,1.8711360000000001,1.56,0.24,0.2618,0.6204,1.0,0.7514,1.5,120
m249,primary,M249,LMGs,5200.0,300.0,30.0,False,4,3.03104,2.72,0.24,0.0794,0.3162,0.9998,0.543,2.0,160
m249,primary,M249,LMGs,5200.0,300.0,40.0,False,4,6.043808,5.6000000000000005,0.24,0.0112,0.06,0.941,0.2936,2.0,160
negev,primary,Negev,LMGs,1700.0,300.0,2.5,True,5,0.3,0.3,0.3,1.0,1.0,1.0,1.0,1.0,75
negev,primary,Negev,LMGs,1700.0,300.0,5.0,True,5,0.43100999999999995,0.375,0.3,1.0,1.0,1.0,1.0,1.0,75
negev,primary,Negev,LMGs,1700.0,300.0,7.5,True,5,0.6373499999999999,0.6,0.3,0.9936,1.0,1.0,1.0,2.0,150
negev,primary,Negev,LMGs,1700.0,300.0,10.0,True,5,0.9229050000000003,0.8999999999999999,0.3,0.9058,1.0,1.0,1.0,3.0,225
negev,primary,Negev,LMGs,1700.0,300.0,12.5,True,5,1.15485,1.125,0.3,0.1814,1.0,1.0,1.0,1.0,75
negev,primary,Negev,LMGs,1700.0,300.0,15.0,True,5,1.358895,1.3499999999999999,0.3,0.0572,0.9794,1.0,0.991,1.0,75
negev,primary,Negev,LMGs,1700.0,300.0,20.0,True,5,1.95012,1.875,0.3,0.0062,0.5878,1.0,0.7004,1.0,75
negev,primary,Negev,LMGs,1700.0,300.0,25.0,True,5,2.765685,2.625,0.3,0.0008,0.2004,1.0,0.4426,1.0,75
negev,primary,Negev,LMGs,1700.0,300.0,30.0,True,5,3.754725,3.525,0.3,0.0,0.0604,1.0,0.304,1.0,75
negev,primary,Negev,LMGs,1700.0,300.0,40.0,True,5,6.2256,5.925,0.3,0.0,0.0066,0.9582,0.1812,1.0,75
negev,primary,Negev,LMGs,1700.0,300.0,2.5,False,3,0.15,0.15,0.15,1.0,1.0,1.0,1.0,1.0,75
negev,primary,Negev,LMGs,1700.0,300.0,5.0,False,3,0.16612499999999997,0.15,0.15,1.0,1.0,1.0,1.0,1.0,75
negev,primary,Negev,LMGs,1700.0,300.0,7.5,False,3,0.30458999999999997,0.3,0.15,1.0,1.0,1.0,1.0,2.0,150
negev,primary,Negev,LMGs,1700.0,300.0,10.0,False,3,0.45589500000000005,0.44999999999999996,0.15,1.0,1.0,1.0,1.0,3.0,225
negev,primary,Negev,LMGs,1700.0,300.0,12.5,False,3,0.6307799999999999,0.6,0.15,0.9904,1.0,1.0,1.0,4.0,300
negev,primary,Negev,LMGs,1700.0,300.0,15.0,False,3,0.8375399999999997,0.6,0.15,0.8048,0.9896,1.0,0.9872,4.0,300
negev,primary,Negev,LMGs,1700.0,300.0,20.0,False,3,1.354995,1.275,0.15,0.1744,0.9244,1.0,0.7088,1.0,75
negev,primary,Negev,LMGs,1700.0,300.0,25.0,False,4,2.28321,2.175,0.22499999999999998,0.0086,0.4112,1.0,0.475,1.0,75
negev,primary,Negev,LMGs,1700.0,300.0,30.0,False,4,3.09465,2.925,0.22499999999999998,0.0012,0.1786,1.0,0.313,1.0,75
negev,primary,Negev,LMGs,1700.0,300.0,40.0,False,4,5.11497,4.8,0.22499999999999998,0.0004,0.037,0.986,0.182,1.0,75
awp,scoped,AWP,Sniper Rifles,4750.0,100.0,2.5,True,1,0.3,0.3,0.3,1.0,1.0,1.0,1.0,1.0,1455
awp,scoped,AWP,Sniper Rifles,4750.0,100.0,5.0,True,1,0.3,0.3,0.3,1.0,1.0,1.0,1.0,1.0,1455
awp,scoped,AWP,Sniper Rifles,4750.0,100.0,7.5,True,1,0.3,0.3,0.3,1.0,1.0,1.0,1.0,1.0,1455
awp,scoped,AWP,Sniper Rifles,4750.0,100.0,10.0,True,1,0.3,0.3,0.3,1.0,1.0,1.0,1.0,1.0,1455
awp,scoped,AWP,Sniper Rifles,4750.0,100.0,12.5,True,1,0.3,0.3,0.3,1.0,1.0,1.0,1.0,1.0,1455
awp,scoped,AWP,Sniper Rifles,4750.0,100.0,15.0,True,1,0.3,0.3,0.3,1.0,1.0,1.0,1.0,1.0,1455
awp,scoped,AWP,Sniper Rifles,4750.0,100.0,20.0,True,1,0.3,0.3,0.3,1.0,1.0,1.0,1.0,1.0,1455
awp,scoped,AWP,Sniper Rifles,4750.0,100.0,25.0,True,1,0.3,0.3,0.3,1.0,1.0,1.0,1.0,1.0,1455
awp,scoped,AWP,Sniper Rifles,4750.0,100.0,30.0,True,1,0.3,0.3,0.3,1.0,1.0,1.0,1.0,1.0,1455
awp,scoped,AWP,Sniper Rifles,4750.0,100.0,40.0,True,1,0.3,0.3,0.3,1.0,1.0,1.0,1.0,1.0,1455
awp,scoped,AWP,Sniper Rifles,4750.0,100.0,2.5,False,1,0.3,0.3,0.3,1.0,1.0,1.0,1.0,1.0,1455
awp,scoped,AWP,Sniper Rifles,4750.0,100.0,5.0,False,1,0.3,0.3,0.3,1.0,1.0,1.0,1.0,1.0,1455
awp,scoped,AWP,Sniper Rifles,4750.0,100.0,7.5,False,1,0.3,0.3,0.3,1.0,1.0,1.0,1.0,1.0,1455
awp,scoped,AWP,Sniper Rifles,4750.0,100.0,10.0,False,1,0.3,0.3,0.3,1.0,1.0,1.0,1.0,1.0,1455
awp,scoped,AWP,Sniper Rifles,4750.0,100.0,12.5,False,1,0.3,0.3,0.3,1.0,1.0,1.0,1.0,1.0,1455
awp,scoped,AWP,Sniper Rifles,4750.0,100.0,15.0,False,1,0.3,0.3,0.3,1.0,1.0,1.0,1.0,1.0,1455
awp,scoped,AWP,Sniper Rifles,4750.0,100.0,20.0,False,1,0.3,0.3,0.3,1.0,1.0,1.0,1.0,1.0,1455
awp,scoped,AWP,Sniper Rifles,4750.0,100.0,25.0,False,1,0.3,0.3,0.3,1.0,1.0,1.0,1.0,1.0,1455
awp,scoped,AWP,Sniper Rifles,4750.0,100.0,30.0,False,1,0.3,0.3,0.3,1.0,1.0,1.0,1.0,1.0,1455
awp,scoped,AWP,Sniper Rifles,4750.0,100.0,40.0,False,1,0.3,0.3,0.3,1.0,1.0,1.0,1.0,1.0,1455
g3sg1,scoped,G3SG1,Sniper Rifles,5000.0,300.0,2.5,True,2,0.5499999999999999,0.55,0.55,1.0,1.0,1.0,1.0,1.0,250
g3sg1,scoped,G3SG1,Sniper Rifles,5000.0,300.0,5.0,True,2,0.5499999999999999,0.55,0.55,1.0,1.0,1.0,1.0,1.0,250
g3sg1,scoped,G3SG1,Sniper Rifles,5000.0,300.0,7.5,True,2,0.5499999999999999,0.55,0.55,1.0,1.0,1.0,1.0,1.0,250
g3sg1,scoped,G3SG1,Sniper Rifles,5000.0,300.0,10.0,True,2,0.5499999999999999,0.55,0.55,1.0,1.0,1.0,1.0,1.0,250
g3sg1,scoped,G3SG1,Sniper Rifles,5000.0,300.0,12.5,True,2,0.5499999999999999,0.55,0.55,1.0,1.0,1.0,1.0,1.0,250
g3sg1,scoped,G3SG1,Sniper Rifles,5000.0,300.0,15.0,True,2,0.5499999999999999,0.55,0.55,1.0,1.0,1.0,1.0,1.0,250
g3sg1,scoped,G3SG1,Sniper Rifles,5000.0,300.0,20.0,True,2,0.5499999999999999,0.55,0.55,1.0,1.0,1.0,1.0,1.0,250
g3sg1,scoped,G3SG1,Sniper Rifles,5000.0,300.0,25.0,True,2,0.5499999999999999,0.55,0.55,1.0,1.0,1.0,1.0,1.0,250
g3sg1,scoped,G3SG1,Sniper Rifles,5000.0,300.0,30.0,True,2,0.5499999999999999,0.55,0.55,1.0,1.0,1.0,1.0,1.0,250
g3sg1,scoped,G3SG1,Sniper Rifles,5000.0,300.0,40.0,True,2,0.5499999999999999,0.55,0.55,1.0,1.0,1.0,1.0,1.0,250
g3sg1,scoped,G3SG1,Sniper Rifles,5000.0,300.0,2.5,False,2,0.5499999999999999,0.55,0.55,1.0,1.0,1.0,1.0,1.0,250
g3sg1,scoped,G3SG1,Sniper Rifles,5000.0,300.0,5.0,False,2,0.5499999999999999,0.55,0.55,1.0,1.0,1.0,1.0,1.0,250
g3sg1,scoped,G3SG1,Sniper Rifles,5000.0,300.0,7.5,False,2,0.5499999999999999,0.55,0.55,1.0,1.0,1.0,1.0,1.0,250
g3sg1,scoped,G3SG1,Sniper Rifles,5000.0,300.0,10.0,False,2,0.5499999999999999,0.55,0.55,1.0,1.0,1.0,1.0,1.0,250
g3sg1,scoped,G3SG1,Sniper Rifles,5000.0,300.0,12.5,False,2,0.5499999999999999,0.55,0.55,1.0,1.0,1.0,1.0,1.0,250
g3sg1,scoped,G3SG1,Sniper Rifles,5000.0,300.0,15.0,False,2,0.5499999999999999,0.55,0.55,1.0,1.0,1.0,1.0,1.0,250
g3sg1,scoped,G3SG1,Sniper Rifles,5000.0,300.0,20.0,False,2,0.5499999999999999,0.55,0.55,1.0,1.0,1.0,1.0,1.0,250
g3sg1,scoped,G3SG1,Sniper Rifles,5000.0,300.0,25.0,False,2,0.5499999999999999,0.55,0.55,1.0,1.0,1.0,1.0,1.0,250
g3sg1,scoped,G3SG1,Sniper Rifles,5000.0,300.0,30.0,False,2,0.5499999999999999,0.55,0.55,1.0,1.0,1.0,1.0,1.0,250
g3sg1,scoped,G3SG1,Sniper Rifles,5000.0,300.0,40.0,False,2,0.5499999999999999,0.55,0.55,1.0,1.0,1.0,1.0,1.0,250
scar20,scoped,SCAR-20,Sniper Rifles,5000.0,300.0,2.5,True,2,0.5499999999999999,0.55,0.55,1.0,1.0,1.0,1.0,1.0,250
scar20,scoped,SCAR-20,Sniper Rifles,5000.0,300.0,5.0,True,2,0.5499999999999999,0.55,0.55,1.0,1.0,1.0,1.0,1.0,250
scar20,scoped,SCAR-20,Sniper Rifles,5000.0,300.0,7.5,True,2,0.5499999999999999,0.55,0.55,1.0,1.0,1.0,1.0,1.0,250
scar20,scoped,SCAR-20,Sniper Rifles,5000.0,300.0,10.0,True,2,0.5499999999999999,0.55,0.55,1.0,1.0,1.0,1.0,1.0,250
scar20,scoped,SCAR-20,Sniper Rifles,5000.0,300.0,12.5,True,2,0.5499999999999999,0.55,0.55,1.0,1.0,1.0,1.0,1.0,250
scar20,scoped,SCAR-20,Sniper Rifles,5000.0,300.0,15.0,True,2,0.5499999999999999,0.55,0.55,1.0,1.0,1.0,1.0,1.0,250
scar20,scoped,SCAR-20,Sniper Rifles,5000.0,300.0,20.0,True,2,0.5499999999999999,0.55,0.55,1.0,1.0,1.0,1.0,1.0,250
scar20,scoped,SCAR-20,Sniper Rifles,5000.0,300.0,25.0,True,2,0.5499999999999999,0.55,0.55,1.0,1.0,1.0,1.0,1.0,250
scar20,scoped,SCAR-20,Sniper Rifles,5000.0,300.0,30.0,True,2,0.5499999999999999,0.55,0.55,1.0,1.0,1.0,1.0,1.0,250
scar20,scoped,SCAR-20,Sniper Rifles,5000.0,300.0,40.0,True,2,0.5499999999999999,0.55,0.55,1.0,1.0,1.0,1.0,1.0,250
scar20,scoped,SCAR-20,Sniper Rifles,5000.0,300.0,2.5,False,2,0.5499999999999999,0.55,0.55,1.0,1.0,1.0,1.0,1.0,250
scar20,scoped,SCAR-20,Sniper Rifles,5000.0,300.0,5.0,False,2,0.5499999999999999,0.55,0.55,1.0,1.0,1.0,1.0,1.0,250
scar20,scoped,SCAR-20,Sniper Rifles,5000.0,300.0,7.5,False,2,0.5499999999999999,0.55,0.55,1.0,1.0,1.0,1.0,1.0,250
scar20,scoped,SCAR-20,Sniper Rifles,5000.0,300.0,10.0,False,2,0.5499999999999999,0.55,0.55,1.0,1.0,1.0,1.0,1.0,250
scar20,scoped,SCAR-20,Sniper Rifles,5000.0,300.0,12.5,False,2,0.5499999999999999,0.55,0.55,1.0,1.0,1.0,1.0,1.0,250
scar20,scoped,SCAR-20,Sniper Rifles,5000.0,300.0,15.0,False,2,0.5499999999999999,0.55,0.55,1.0,1.0,1.0,1.0,1.0,250
scar20,scoped,SCAR-20,Sniper Rifles,5000.0,300.0,20.0,False,2,0.5499999999999999,0.55,0.55,1.0,1.0,1.0,1.0,1.0,250
scar20,scoped,SCAR-20,Sniper Rifles,5000.0,300.0,25.0,False,2,0.5499999999999999,0.55,0.55,1.0,1.0,1.0,1.0,1.0,250
scar20,scoped,SCAR-20,Sniper Rifles,5000.0,300.0,30.0,False,2,0.5499999999999999,0.55,0.55,1.0,1.0,1.0,1.0,1.0,250
scar20,scoped,SCAR-20,Sniper Rifles,5000.0,300.0,40.0,False,2,0.5499999999999999,0.55,0.55,1.0,1.0,1.0,1.0,1.0,250
ssg08,scoped,SSG 08,Sniper Rifles,1700.0,300.0,2.5,True,2,1.5500000000000003,1.55,1.55,0.0,1.0,1.0,1.0,1.0,1250
ssg08,scoped,SSG 08,Sniper Rifles,1700.0,300.0,5.0,True,2,1.5500000000000003,1.55,1.55,0.0,1.0,1.0,1.0,1.0,1250
ssg08,scoped,SSG 08,Sniper Rifles,1700.0,300.0,7.5,True,2,1.5500000000000003,1.55,1.55,0.0,1.0,1.0,1.0,1.0,1250
ssg08,scoped,SSG 08,Sniper Rifles,1700.0,300.0,10.0,True,2,1.5500000000000003,1.55,1.55,0.0,1.0,1.0,1.0,1.0,1250
ssg08,scoped,SSG 08,Sniper Rifles,1700.0,300.0,12.5,True,2,1.5500000000000003,1.55,1.55,0.0,1.0,1.0,1.0,1.0,1250
ssg08,scoped,SSG 08,Sniper Rifles,1700.0,300.0,15.0,True,2,1.5500000000000003,1.55,1.55,0.0,1.0,1.0,1.0,1.0,1250
ssg08,scoped,SSG 08,Sniper Rifles,1700.0,300.0,20.0,True,2,1.5500000000000003,1.55,1.55,0.0,1.0,1.0,1.0,1.0,1250
ssg08,scoped,SSG 08,Sniper Rifles,1700.0,300.0,25.0,True,2,1.5500000000000003,1.55,1.55,0.0,1.0,1.0,1.0,1.0,1250
ssg08,scoped,SSG 08,Sniper Rifles,1700.0,300.0,30.0,True,2,1.5500000000000003,1.55,1.55,0.0,1.0,1.0,1.0,1.0,1250
ssg08,scoped,SSG 08,Sniper Rifles,1700.0,300.0,40.0,True,2,1.5500000000000003,1.55,1.55,0.0,1.0,1.0,1.0,1.0,1250
ssg08,scoped,SSG 08,Sniper Rifles,1700.0,300.0,2.5,False,2,1.5500000000000003,1.55,1.55,0.0,1.0,1.0,1.0,1.0,1250
ssg08,scoped,SSG 08,Sniper Rifles,1700.0,300.0,5.0,False,2,1.5500000000000003,1.55,1.55,0.0,1.0,1.0,1.0,1.0,1250
ssg08,scoped,SSG 08,Sniper Rifles,1700.0,300.0,7.5,False,2,1.5500000000000003,1.55,1.55,0.0,1.0,1.0,1.0,1.0,1250
ssg08,scoped,SSG 08,Sniper Rifles,1700.0,300.0,10.0,False,2,1.5500000000000003,1.55,1.55,0.0,1.0,1.0,1.0,1.0,1250
ssg08,scoped,SSG 08,Sniper Rifles,1700.0,300.0,12.5,False,2,1.5500000000000003,1.55,1.55,0.0,1.0,1.0,1.0,1.0,1250
ssg08,scoped,SSG 08,Sniper Rifles,1700.0,300.0,15.0,False,2,1.5500000000000003,1.55,1.55,0.0,1.0,1.0,1.0,1.0,1250
ssg08,scoped,SSG 08,Sniper Rifles,1700.0,300.0,20.0,False,2,1.5500000000000003,1.55,1.55,0.0,1.0,1.0,1.0,1.0,1250
ssg08,scoped,SSG 08,Sniper Rifles,1700.0,300.0,25.0,False,2,1.5500000000000003,1.55,1.55,0.0,1.0,1.0,1.0,1.0,1250
ssg08,scoped,SSG 08,Sniper Rifles,1700.0,300.0,30.0,False,2,1.5500000000000003,1.55,1.55,0.0,1.0,1.0,1.0,1.0,1250
ssg08,scoped,SSG 08,Sniper Rifles,1700.0,300.0,40.0,False,2,1.5500000000000003,1.55,1.55,0.0,1.0,1.0,1.0,1.0,1250
