engine_name,distance_m,mode,display_name,category,price,hits_needed,expected_ttk,p_kill_1s,first_hit_p,cadence_mult
ak47,5.0,primary,AK-47,Automatic Rifles,2700.0,1,0.0,1.0,1.0,1.0
ak47,10.0,primary,AK-47,Automatic Rifles,2700.0,1,0.0,1.0,1.0,1.0
ak47,15.0,primary,AK-47,Automatic Rifles,2700.0,1,0.003930000000000001,0.999,0.9916,1.5
ak47,20.0,primary,AK-47,Automatic Rifles,2700.0,1,0.34944000000000003,0.8898,0.6044,3.0
ak47,25.0,primary,AK-47,Automatic Rifles,2700.0,1,0.8723460000000001,0.7024,0.3978,3.0
aug,5.0,primary,AUG,Automatic Rifles,3300.0,1,0.0,1.0,1.0,1.0
aug,10.0,primary,AUG,Automatic Rifles,3300.0,2,0.09999999999999999,1.0,1.0,1.0
aug,15.0,primary,AUG,Automatic Rifles,3300.0,2,0.26016000000000006,0.9944,1.0,2.0
aug,20.0,primary,AUG,Automatic Rifles,3300.0,2,0.5274000000000001,0.9168,0.9718,3.0
aug,25.0,scoped,AUG,Automatic Rifles,3300.0,2,0.81488,0.7888,1.0,4.0
awp,5.0,scoped,AWP,Sniper Rifles,4750.0,1,0.3,1.0,1.0,1.0
awp,10.0,scoped,AWP,Sniper Rifles,4750.0,1,0.3,1.0,1.0,1.0
awp,15.0,scoped,AWP,Sniper Rifles,4750.0,1,0.3,1.0,1.0,1.0
awp,20.0,scoped,AWP,Sniper Rifles,4750.0,1,0.3,1.0,1.0,1.0
awp,25.0,scoped,AWP,Sniper Rifles,4750.0,1,0.3,1.0,1.0,1.0
bizon,5.0,primary,PP-Bizon,SMGs,1300.0,2,0.08,1.0,1.0,1.0
bizon,10.0,primary,PP-Bizon,SMGs,1300.0,2,0.33964800000000006,0.9662,0.522,1.0
bizon,15.0,primary,PP-Bizon,SMGs,1300.0,2,0.972952,0.6116,0.2244,1.0
bizon,20.0,primary,PP-Bizon,SMGs,1300.0,3,3.103872,0.0924,0.1222,1.0
bizon,25.0,primary,PP-Bizon,SMGs,1300.0,3,5.226524,0.035,0.0828,1.0
cz75a,5.0,primary,CZ75-Auto,Pistols,500.0,2,0.1752,0.9996,1.0,1.5
cz75a,10.0,primary,CZ75-Auto,Pistols,500.0,2,0.65656,0.8484,0.8484,4.0
cz75a,15.0,primary,CZ75-Auto,Pistols,500.0,2,2.16669,0.2852,0.4154,4.0
cz75a,20.0,primary,CZ75-Auto,Pistols,500.0,2,4.687766000000001,0.101,0.2316,4.0
cz75a,25.0,primary,CZ75-Auto,Pistols,500.0,2,7.169273999999999,0.0464,0.1528,4.0
deagle,5.0,primary,Desert Eagle,Pistols,700.0,1,0.0,1.0,1.0,1.0
deagle,10.0,primary,Desert Eagle,Pistols,700.0,1,0.0,1.0,1.0,1.0
deagle,15.0,primary,Desert Eagle,Pistols,700.0,1,0.0,1.0,1.0,1.0
deagle,20.0,primary,Desert Eagle,Pistols,700.0,1,0.12231000000000002,0.935,0.935,6.0
deagle,25.0,primary,Desert Eagle,Pistols,700.0,1,0.71663,0.7456,0.7456,6.0
elite,5.0,primary,Dual Berettas,Pistols,300.0,2,0.12,1.0,1.0,1.0
elite,10.0,primary,Dual Berettas,Pistols,300.0,2,0.30926400000000004,0.989,1.0,2.0
elite,15.0,primary,Dual Berettas,Pistols,300.0,2,0.901008,0.6488,0.841,3.0
elite,20.0,primary,Dual Berettas,Pistols,300.0,2,2.079552,0.3598,0.527,4.0
elite,25.0,primary,Dual Berettas,Pistols,300.0,2,3.6757440000000003,0.1648,0.3366,4.0
famas,5.0,primary,FAMAS,Automatic Rifles,1950.0,2,0.08999999999999998,1.0,1.0,1.0
famas,10.0,primary,FAMAS,Automatic Rifles,1950.0,2,0.09660599999999998,1.0,1.0,1.0
famas,15.0,primary,FAMAS,Automatic Rifles,1950.0,2,0.555306,0.8702,0.7726,1.0
famas,20.0,primary,FAMAS,Automatic Rifles,1950.0,2,1.5025680000000001,0.4528,0.439,2.0
famas,25.0,primary,FAMAS,Automatic Rifles,1950.0,2,2.807154,0.1844,0.27,3.0
fiveseven,5.0,primary,Five-SeveN,Pistols,500.0,1,0.0,1.0,1.0,1.0
fiveseven,10.0,primary,Five-SeveN,Pistols,500.0,2,0.6372,0.908,0.9756,3.0
fiveseven,15.0,primary,Five-SeveN,Pistols,500.0,2,2.15568,0.226,0.5396,4.0
fiveseven,20.0,primary,Five-SeveN,Pistols,500.0,2,4.293239999999999,0.0694,0.3058,4.0
fiveseven,25.0,primary,Five-SeveN,Pistols,500.0,2,6.53148,0.0268,0.1866,4.0
g3sg1,5.0,scoped,G3SG1,Sniper Rifles,5000.0,1,0.3,1.0,1.0,1.0
g3sg1,10.0,scoped,G3SG1,Sniper Rifles,5000.0,1,0.3,1.0,1.0,1.0
g3sg1,15.0,scoped,G3SG1,Sniper Rifles,5000.0,1,0.3,1.0,1.0,1.0
g3sg1,20.0,scoped,G3SG1,Sniper Rifles,5000.0,1,0.3,1.0,1.0,1.0
g3sg1,25.0,scoped,G3SG1,Sniper Rifles,5000.0,1,0.3,1.0,1.0,1.0
galilar,5.0,primary,Galil AR,Automatic Rifles,1800.0,2,0.08999999999999998,1.0,1.0,1.0
galilar,10.0,primary,Galil AR,Automatic Rifles,1800.0,2,0.16932,0.9892,1.0,1.0
galilar,15.0,primary,Galil AR,Automatic Rifles,1800.0,2,0.976305,0.6404,0.5724,1.5
galilar,20.0,primary,Galil AR,Automatic Rifles,1800.0,2,2.2608,0.2876,0.3288,2.0
galilar,25.0,primary,Galil AR,Automatic Rifles,1800.0,2,3.8840100000000004,0.1064,0.2134,3.0
glock,5.0,primary,Glock-18,Pistols,200.0,2,0.15,1.0,1.0,1.0
glock,10.0,primary,Glock-18,Pistols,200.0,3,0.9000000000000001,1.0,1.0,3.0
glock,15.0,primary,Glock-18,Pistols,200.0,3,1.24605,0.5284,0.9748,3.0
glock,20.0,primary,Glock-18,Pistols,200.0,3,2.17392,0.0,0.7462,4.0
glock,25.0,primary,Glock-18,Pistols,200.0,3,3.696959999999999,0.0,0.507,4.0
hkp2000,5.0,primary,P2000,Pistols,200.0,2,0.205292,0.995,1.0,1.0
hkp2000,10.0,primary,P2000,Pistols,200.0,2,0.38406399999999996,0.9828,1.0,2.0
hkp2000,15.0,primary,P2000,Pistols,200.0,2,0.5815019999999999,0.8784,0.999,3.0
hkp2000,20.0,primary,P2000,Pistols,200.0,2,1.0474719999999997,0.6392,0.8422,4.0
hkp2000,25.0,primary,P2000,Pistols,200.0,2,1.747686,0.3388,0.6314,4.0
m249,5.0,primary,M249,LMGs,5200.0,1,0.0,1.0,1.0,1.0
m249,10.0,primary,M249,LMGs,5200.0,2,0.10216,0.9986,1.0,1.0
m249,15.0,primary,M249,LMGs,5200.0,2,0.576416,0.8188,0.7328,1.0
m249,20.0,primary,M249,LMGs,5200.0,2,1.654464,0.4538,0.4298,2.0
m249,25.0,primary,M249,LMGs,5200.0,2,3.0363200000000004,0.2434,0.2738,2.0
m4a1,5.0,primary,M4A4,Automatic Rifles,2900.0,2,0.08999999999999998,1.0,1.0,1.0
m4a1,10.0,primary,M4A4,Automatic Rifles,2900.0,2,0.08999999999999998,1.0,1.0,1.0
m4a1,15.0,primary,M4A4,Automatic Rifles,2900.0,2,0.245486,0.964,1.0,1.0
m4a1,20.0,primary,M4A4,Automatic Rifles,2900.0,2,0.535572,0.8698,0.9664,3.0
m4a1,25.0,primary,M4A4,Automatic Rifles,2900.0,2,1.131644,0.5436,0.6604,3.0
m4a1_silencer,5.0,primary,M4A1-S,Automatic Rifles,2900.0,2,0.09999999999999999,1.0,1.0,1.0
m4a1_silencer,10.0,primary,M4A1-S,Automatic Rifles,2900.0,2,0.09999999999999999,1.0,1.0,1.0
m4a1_silencer,15.0,primary,M4A1-S,Automatic Rifles,2900.0,2,0.23197200000000004,0.9712,1.0,1.0
m4a1_silencer,20.0,primary,M4A1-S,Automatic Rifles,2900.0,2,0.43428,0.9666,0.9782,3.0
m4a1_silencer,25.0,primary,M4A1-S,Automatic Rifles,2900.0,2,0.88326,0.6998,0.693,3.0
mac10,5.0,primary,MAC-10,SMGs,1050.0,2,0.075,1.0,1.0,1.0
mac10,10.0,primary,MAC-10,SMGs,1050.0,2,0.42201799999999995,0.915,0.576,1.0
mac10,15.0,primary,MAC-10,SMGs,1050.0,2,1.5702534999999997,0.42,0.2556,1.5
mac10,20.0,primary,MAC-10,SMGs,1050.0,3,5.785208,0.0262,0.1512,2.0
mac10,25.0,primary,MAC-10,SMGs,1050.0,3,8.342611999999999,0.0094,0.0946,2.0
mag7,5.0,primary,MAG-7,Shotguns,1300.0,2,0.38522,0.934,0.901,1.0
mag7,10.0,primary,MAG-7,Shotguns,1300.0,3,5.841346,0.0678,0.398,1.0
mag7,15.0,primary,MAG-7,Shotguns,1300.0,3,10.103054,0.0096,0.2092,1.0
mag7,20.0,primary,MAG-7,Shotguns,1300.0,4,11.866272,0.0,0.1216,1.0
mag7,25.0,primary,MAG-7,Shotguns,1300.0,6,11.999623999999999,0.0,0.0768,1.5
mp5sd,5.0,primary,MP5-SD,SMGs,1400.0,2,0.08,1.0,1.0,1.0
mp5sd,10.0,primary,MP5-SD,SMGs,1400.0,2,0.11518400000000001,1.0,0.9734,1.0
mp5sd,15.0,primary,MP5-SD,SMGs,1400.0,2,0.48805600000000016,0.8908,0.4322,1.0
mp5sd,20.0,primary,MP5-SD,SMGs,1400.0,2,1.2491240000000001,0.5966,0.257,1.0
mp5sd,25.0,primary,MP5-SD,SMGs,1400.0,2,2.505448,0.3544,0.1596,1.0
mp7,5.0,primary,MP7,SMGs,1400.0,2,0.08,1.0,1.0,1.0
mp7,10.0,primary,MP7,SMGs,1400.0,2,0.112704,1.0,0.975,1.0
mp7,15.0,primary,MP7,SMGs,1400.0,2,0.484146,0.8962,0.4442,1.0
mp7,20.0,primary,MP7,SMGs,1400.0,2,1.243814,0.588,0.2372,1.0
mp7,25.0,primary,MP7,SMGs,1400.0,2,2.536164,0.3506,0.1606,1.0
mp9,5.0,primary,MP9,SMGs,1250.0,2,0.07,1.0,1.0,1.0
mp9,10.0,primary,MP9,SMGs,1250.0,2,0.08764000000000001,1.0,1.0,1.0
mp9,15.0,primary,MP9,SMGs,1250.0,2,0.35345600000000005,0.964,0.5468,1.0
mp9,20.0,primary,MP9,SMGs,1250.0,2,0.87782,0.729,0.3024,1.0
mp9,25.0,primary,MP9,SMGs,1250.0,3,2.83923,0.1458,0.191,1.5
negev,5.0,primary,Negev,LMGs,1700.0,2,0.15560999999999997,1.0,1.0,2.0
negev,10.0,primary,Negev,LMGs,1700.0,2,0.5845199999999999,0.883,0.8966,4.0
negev,15.0,primary,Negev,LMGs,1700.0,2,1.3828049999999998,0.2572,0.4374,1.0
negev,20.0,primary,Negev,LMGs,1700.0,2,2.146095,0.0956,0.245,1.0
negev,25.0,primary,Negev,LMGs,1700.0,2,3.0848400000000002,0.042,0.1536,1.0
nova,5.0,primary,Nova,Shotguns,1050.0,3,0.6695040000000001,0.8626,0.9212,1.0
nova,10.0,primary,Nova,Shotguns,1050.0,3,4.732276000000001,0.1034,0.44,1.0
nova,15.0,primary,Nova,Shotguns,1050.0,3,9.587860000000001,0.0146,0.2214,1.0
nova,20.0,primary,Nova,Shotguns,1050.0,4,11.817532,0.0002,0.1306,1.0
nova,25.0,primary,Nova,Shotguns,1050.0,4,11.947172,0.0,0.0802,1.0
p250,5.0,primary,P250,Pistols,300.0,2,0.25443000000000005,0.9972,1.0,1.5
p250,10.0,primary,P250,Pistols,300.0,2,0.64278,0.9056,0.9732,3.0
p250,15.0,primary,P250,Pistols,300.0,2,2.0200199999999997,0.2396,0.5366,4.0
p250,20.0,primary,P250,Pistols,300.0,2,4.255138,0.076,0.2974,4.0
p250,25.0,primary,P250,Pistols,300.0,2,6.673122,0.0346,0.196,4.0
p90,5.0,primary,P90,SMGs,2350.0,2,0.07,1.0,1.0,1.0
p90,10.0,primary,P90,SMGs,2350.0,2,0.302246,0.9778,0.5352,1.0
p90,15.0,primary,P90,SMGs,2350.0,2,0.9450240000000002,0.6452,0.23,1.0
p90,20.0,primary,P90,SMGs,2350.0,2,2.121144,0.3342,0.1366,1.0
p90,25.0,primary,P90,SMGs,2350.0,2,3.879598,0.1816,0.0894,1.0
revolver,5.0,primary,R8 Revolver,Pistols,600.0,1,8.240402,0.1406,0.065,1.0
revolver,10.0,primary,R8 Revolver,Pistols,600.0,1,11.00916,0.0314,0.0126,1.0
revolver,15.0,primary,R8 Revolver,Pistols,600.0,1,11.523147999999999,0.0136,0.0066,1.0
revolver,20.0,primary,R8 Revolver,Pistols,600.0,1,11.704816000000001,0.0094,0.0042,1.0
revolver,25.0,primary,R8 Revolver,Pistols,600.0,1,11.833324,0.0048,0.0026,1.0
sawedoff,5.0,primary,Sawed-Off,Shotguns,1100.0,2,1.61767,0.5144,0.5888,1.0
sawedoff,10.0,primary,Sawed-Off,Shotguns,1100.0,2,7.868794,0.0644,0.1934,1.0
sawedoff,15.0,primary,Sawed-Off,Shotguns,1100.0,3,11.728408,0.0014,0.0866,1.0
sawedoff,20.0,primary,Sawed-Off,Shotguns,1100.0,4,11.996625,0.0,0.0534,1.5
sawedoff,25.0,primary,Sawed-Off,Shotguns,1100.0,6,12.0,0.0,0.036,1.0
scar20,5.0,scoped,SCAR-20,Sniper Rifles,5000.0,1,0.3,1.0,1.0,1.0
scar20,10.0,scoped,SCAR-20,Sniper Rifles,5000.0,1,0.3,1.0,1.0,1.0
scar20,15.0,scoped,SCAR-20,Sniper Rifles,5000.0,1,0.3,1.0,1.0,1.0
scar20,20.0,scoped,SCAR-20,Sniper Rifles,5000.0,1,0.3,1.0,1.0,1.0
scar20,25.0,scoped,SCAR-20,Sniper Rifles,5000.0,1,0.3,1.0,1.0,1.0
sg556,5.0,primary,SG 553,Automatic Rifles,3000.0,1,0.0,1.0,1.0,1.0
sg556,10.0,primary,SG 553,Automatic Rifles,3000.0,1,0.0,1.0,1.0,1.0
sg556,15.0,primary,SG 553,Automatic Rifles,3000.0,1,0.0,1.0,1.0,1.0
sg556,20.0,primary,SG 553,Automatic Rifles,3000.0,1,0.182754,0.96,0.7454,3.0
sg556,25.0,scoped,SG 553,Automatic Rifles,3000.0,1,0.301254,0.9998,0.9976,3.0
ssg08,5.0,scoped,SSG 08,Sniper Rifles,1700.0,1,0.3,1.0,1.0,1.0
ssg08,10.0,scoped,SSG 08,Sniper Rifles,1700.0,1,0.3,1.0,1.0,1.0
ssg08,15.0,scoped,SSG 08,Sniper Rifles,1700.0,1,0.3,1.0,1.0,1.0
ssg08,20.0,scoped,SSG 08,Sniper Rifles,1700.0,1,0.3,1.0,1.0,1.0
ssg08,25.0,scoped,SSG 08,Sniper Rifles,1700.0,1,0.3,1.0,1.0,1.0
tec9,5.0,primary,Tec-9,Pistols,500.0,1,0.0,1.0,1.0,1.0
tec9,10.0,primary,Tec-9,Pistols,500.0,2,0.4114079999999999,0.9796,1.0,3.0
tec9,15.0,primary,Tec-9,Pistols,500.0,2,0.6406080000000001,0.9358,0.9992,4.0
tec9,20.0,primary,Tec-9,Pistols,500.0,2,1.10952,0.636,0.8536,6.0
tec9,25.0,primary,Tec-9,Pistols,500.0,2,1.938192,0.3164,0.6162,6.0
ump45,5.0,primary,UMP-45,SMGs,1200.0,2,0.08999999999999998,1.0,1.0,1.0
ump45,10.0,primary,UMP-45,SMGs,1200.0,2,0.36877600000000005,0.9592,0.5524,1.0
ump45,15.0,primary,UMP-45,SMGs,1200.0,2,1.3478319999999997,0.599,0.2428,1.0
ump45,20.0,primary,UMP-45,SMGs,1200.0,2,3.3595300000000003,0.2052,0.138,1.5
ump45,25.0,primary,UMP-45,SMGs,1200.0,2,5.72901,0.107,0.0936,1.5
usp_silencer,5.0,primary,USP-S,Pistols,200.0,2,0.20157799999999998,0.9948,1.0,1.0
usp_silencer,10.0,primary,USP-S,Pistols,200.0,2,0.343468,0.9994,1.0,2.0
usp_silencer,15.0,primary,USP-S,Pistols,200.0,2,0.5199959999999999,0.9806,1.0,3.0
usp_silencer,20.0,primary,USP-S,Pistols,200.0,2,0.6942119999999999,0.7286,0.9222,3.0
usp_silencer,25.0,primary,USP-S,Pistols,200.0,2,1.097802,0.433,0.7578,3.0
xm1014,5.0,primary,XM1014,Shotguns,2000.0,2,0.21539,0.9782,0.857,1.0
xm1014,10.0,primary,XM1014,Shotguns,2000.0,3,4.27895,0.1268,0.3654,1.0
xm1014,15.0,primary,XM1014,Shotguns,2000.0,3,9.038992,0.0186,0.1702,1.0
xm1014,20.0,primary,XM1014,Shotguns,2000.0,3,11.050848,0.0036,0.0982,1.0
xm1014,25.0,primary,XM1014,Shotguns,2000.0,4,11.923742,0.0,0.0622,1.0
